OBJECTID,STATEFP10,COUNTYFP10,TRACTCE10,GEOID10,NAME10,NAMELSAD10,MTFCC10,FUNCSTAT10,ALAND10,AWATER10,INTPTLAT10,INTPTLON10,SUMLEV,LOGRECNO,STATE,COUNTY,TRACT,GEOID,P0030001,P0030002,P0030003,P0030004,P0030005,P0030006,P0030007,P0030008,P0040003,P0060002,P0060003,P0060004,P0060005,P0060006,P0060007,P0120002,P0120003,P0120004,P0120005,P0120006,P0120007,P0120008,P0120009,P0120010,P0120011,P0120012,P0120013,P0120014,P0120015,P0120016,P0120017,P0120018,P0120019,P0120020,P0120021,P0120022,P0120023,P0120024,P0120025,P0120026,P0120027,P0120028,P0120029,P0120030,P0120031,P0120032,P0120033,P0120034,P0120035,P0120036,P0120037,P0120038,P0120039,P0120040,P0120041,P0120042,P0120043,P0120044,P0120045,P0120046,P0120047,P0120048,P0120049,P0130001,P0130002,P0130003,P0150001,P0170001,P0190008,P0190009,P0290026,P0350001,P0360002,P0360003,P0370001,H00010001,H0020002,H0020005,H0030002,H0030003,H0040002,H0040003,H0040004,H0050006,ShapeSTArea,ShapeSTLength
1,50,005,957800,50005957800,9578,Census Tract 9578,G5020,S,354502014,6565415,+44.2599285,-072.2047646,140,6930,50,005,957800,50005957800,2928,2858,10,8,3,1,9,39,22,2897,17,34,8,2,9,1438,97,89,78,76,27,16,9,42,70,66,88,87,81,120,151,34,72,39,43,64,36,31,22,1490,76,90,89,66,27,12,12,45,73,72,79,90,110,133,151,53,68,41,40,54,42,36,31,44.6,43,45.8,1190,2.46,236,437,0,837,644,1764,2.88,1801,0,0,1190,611,607,391,192,520,361046903.674767,101385.901451979
2,50,005,957200,50005957200,9572,Census Tract 9572,G5020,S,44098542,499498,+44.5295384,-071.9748149,140,6909,50,005,957200,50005957200,2646,2573,5,7,25,0,7,29,28,2602,10,19,32,2,11,1258,77,71,68,38,27,25,19,79,72,63,63,62,96,97,98,30,66,28,26,49,31,38,35,1388,58,66,61,46,22,23,35,61,63,63,75,59,101,113,123,33,59,27,44,68,63,58,67,45.8,42.6,48.5,1151,2.25,143,375,51,673,460,1400,2.76,1257,0,0,1151,106,460,312,379,28,44596779.8899002,30247.5630932796
3,50,005,957400,50005957400,9574,Census Tract 9574,G5020,S,47505608,429027,+44.4605583,-072.0392927,140,6916,50,005,957400,50005957400,3852,3651,47,25,55,0,16,58,65,3708,67,59,63,1,16,1942,124,95,100,77,54,34,28,93,159,122,127,117,152,143,149,45,73,44,44,50,32,45,35,1910,102,96,112,69,50,20,16,67,101,107,119,114,121,173,154,51,82,34,37,67,60,67,91,41.2,38.3,44.2,1659,2.12,220,364,342,869,746,1681,2.79,1883,0,0,1659,224,476,277,906,36,47932784.5826111,36944.2115107781
4,50,005,957500,50005957500,9575,Census Tract 9575,G5020,S,46744740,488535,+44.4446644,-071.9816127,140,6920,50,005,957500,50005957500,3751,3620,12,26,34,0,12,47,49,3663,27,58,40,0,12,1826,123,126,127,88,45,26,17,61,94,98,101,116,156,129,128,47,68,32,46,50,57,38,53,1925,118,116,101,70,46,24,21,69,93,106,95,99,175,141,146,49,68,33,46,67,71,75,96,42.7,40.2,45.1,1499,2.43,242,458,104,1001,847,2015,2.86,1639,0,0,1499,140,624,407,468,19,47231880.9820023,32849.5454456881
5,50,005,957700,50005957700,9577,Census Tract 9577,G5020,S,100026069,1032724,+44.5198439,-072.3520692,140,6927,50,005,957700,50005957700,3010,2894,18,17,10,0,1,70,11,2964,31,66,18,0,2,1470,108,108,112,56,47,11,16,36,90,80,83,99,105,109,136,45,54,28,41,39,41,17,9,1540,87,96,106,66,33,19,16,46,86,100,81,100,135,116,127,45,58,24,42,46,46,30,35,40.7,39.3,42.1,1239,2.41,213,365,26,799,723,1620,2.93,1423,0,0,1239,184,583,326,330,60,101051951.670662,40348.6172740093
6,50,005,957600,50005957600,9576,Census Tract 9576,G5020,S,157271384,1065229,+44.4375039,-072.1248218,140,6924,50,005,957600,50005957600,2196,2147,6,1,10,0,6,26,10,2173,10,19,14,0,6,1055,61,63,70,41,22,6,11,21,50,49,57,72,85,85,94,43,50,23,40,43,31,20,18,1141,65,60,51,48,29,10,6,32,36,55,66,83,85,106,98,52,54,26,43,48,31,30,27,46.2,45.3,47.2,928,2.37,174,342,0,639,451,1328,2.78,1268,0,0,928,340,513,271,144,270,158328809.22612,55888.5207707349
7,50,005,957100,50005957100,9571,Census Tract 9571,G5020,S,150905486,484540,+44.5677775,-071.9231743,140,6906,50,005,957100,50005957100,2246,2191,3,12,6,0,5,29,34,2219,15,27,11,1,7,1103,58,76,81,43,22,13,8,35,60,74,71,70,74,84,100,35,51,25,39,29,26,17,12,1143,69,80,77,35,18,17,8,31,61,63,91,61,97,97,102,38,35,25,32,30,30,26,20,41,40.5,41.5,924,2.43,169,316,0,612,502,1254,2.87,1343,0,0,924,419,476,253,195,341,151387047.785149,69147.8902603561
8,50,005,957300,50005957300,9573,Census Tract 9573,G5020,S,58114573,422592,+44.5510261,-072.0349205,140,6912,50,005,957300,50005957300,3335,3138,30,14,91,0,12,50,48,3185,43,43,98,1,16,1754,71,82,95,87,270,102,88,89,85,79,77,83,96,104,101,37,46,24,36,40,31,19,12,1581,61,63,90,78,182,68,58,72,83,56,87,97,115,101,105,31,40,29,36,42,30,30,27,28.5,24.5,33.1,1059,2.44,189,325,755,683,556,1413,2.88,1149,0,0,1059,90,503,228,328,35,58534954.5864105,32438.466491915
9,50,005,957900,50005957900,9579,Census Tract 9579,G5020,S,208674493,7118568,+44.3397937,-072.0206870,140,6934,50,005,957900,50005957900,2988,2911,24,13,9,0,4,27,24,2938,31,28,13,0,6,1469,80,87,118,68,38,9,12,31,55,76,82,77,117,129,159,48,67,35,41,63,28,30,19,1519,67,105,97,72,33,8,9,31,60,75,84,89,126,138,159,50,63,30,39,50,54,42,38,45.6,45.1,45.8,1171,2.52,259,472,39,868,675,1831,2.89,1530,0,0,1171,359,646,376,149,295,215785897.35421,81361.0810205912
10,50,005,957000,50005957000,9570,Census Tract 9570,G5020,S,512706229,4356477,+44.6043518,-072.1044374,140,6902,50,005,957000,50005957000,4275,4155,12,15,8,0,20,65,40,4218,23,57,18,1,27,2194,119,138,135,98,49,21,18,56,96,114,137,165,181,192,184,65,109,65,74,73,52,34,19,2081,106,136,126,107,34,16,16,57,101,109,147,135,182,191,189,74,76,40,63,67,37,41,31,43.5,43.7,43.2,1733,2.45,327,616,28,1172,922,2449,2.88,2649,0,0,1733,916,942,562,229,772,517039500.589813,139649.425897318
11,50,001,960700,50001960700,9607,Census Tract 9607,G5020,S,70248925,357651,+44.0152577,-073.1061457,140,2259,50,001,960700,50001960700,3957,3804,22,8,51,0,4,68,62,3871,45,35,67,1,7,1894,111,123,140,97,28,15,13,57,101,96,112,122,152,158,151,53,76,44,45,58,44,63,35,2063,86,113,142,80,36,13,13,40,89,91,101,166,174,151,167,79,85,36,62,82,89,82,86,44.9,41.8,46.8,1748,2.24,322,486,40,1044,882,2097,2.85,1860,0,0,1748,112,792,424,532,43,70605647.0134277,35103.8744187015
12,50,001,960100,50001960100,9601,Census Tract 9601,G5020,S,211212606,1468144,+44.2299945,-073.0666529,140,2236,50,001,960100,50001960100,3757,3659,11,3,25,0,11,48,35,3706,21,33,29,0,19,1889,129,119,142,72,45,17,15,59,82,98,135,140,186,164,180,79,61,46,33,38,26,14,9,1868,104,124,126,79,36,12,14,50,104,117,153,152,158,168,193,57,65,20,36,30,26,14,30,40.8,41.1,40.5,1439,2.61,371,488,3,1049,883,2251,2.99,1624,0,0,1439,185,920,361,158,136,212676452.565018,68655.7176070671
13,50,001,960800,50001960800,9608,Census Tract 9608,G5020,S,30312089,654072,+43.9868788,-073.1547466,140,2264,50,001,960800,50001960800,4539,3872,92,7,316,1,62,189,196,4055,133,48,426,6,77,2178,55,51,53,26,445,304,253,271,86,63,60,63,67,54,73,27,43,25,28,29,31,33,38,2361,53,33,36,25,556,243,290,231,83,63,61,66,69,79,78,38,48,25,30,51,48,59,96,21.7,21.6,21.8,1039,1.98,99,241,2479,485,319,977,2.67,1208,0,0,1039,169,286,155,598,30,30966075.1984253,30071.4052977496
14,50,001,960900,50001960900,9609,Census Tract 9609,G5020,S,456816582,21511718,+43.9055843,-073.2904483,140,2268,50,001,960900,50001960900,5337,5188,21,13,25,0,46,44,97,5232,39,33,33,1,47,2659,142,149,180,122,50,21,33,87,116,122,142,185,232,239,223,98,109,73,84,100,70,46,36,2678,126,146,193,134,55,26,16,69,105,115,151,210,218,248,230,86,122,54,90,105,60,65,54,44.6,44.5,44.8,2115,2.52,444,843,2,1509,1162,3221,2.9,2590,0,0,2115,475,1125,599,391,329,478341738.572918,103230.380832267
15,50,009,950500,50009950500,9505,Census Tract 9505,G5020,S,643501127,9000177,+44.5334030,-071.7709879,140,11860,50,009,950500,50009950500,3238,3149,11,18,10,0,2,48,31,3197,17,55,14,0,5,1633,76,80,105,49,27,25,16,44,71,76,108,119,141,141,146,54,75,44,62,75,51,28,20,1605,76,90,81,72,39,18,14,44,78,79,104,114,126,140,113,61,71,44,50,65,56,40,30,45.3,45.7,44.6,1417,2.27,210,513,16,910,616,1876,2.74,2170,0,0,1417,753,639,541,237,619,652510508.148376,135090.567274171
16,50,009,950200,50009950200,9502,Census Tract 9502,G5020,S,134320132,3817590,+44.8024831,-071.8753956,140,11858,50,009,950200,50009950200,1222,1185,5,11,4,0,1,16,11,1201,5,23,8,0,2,612,24,32,36,28,11,6,3,16,29,31,26,39,47,56,65,16,23,19,20,31,24,22,8,610,22,24,38,27,10,1,8,19,28,23,27,41,46,55,45,19,26,21,24,20,37,26,23,48.3,47.6,49,554,2.21,72,182,0,343,225,702,2.7,947,0,0,554,393,219,165,170,326,138136341.672211,47637.3528670754
17,50,009,950100,50009950100,9501,Census Tract 9501,G5020,S,940889360,17473685,+44.8791084,-071.7094364,140,11855,50,009,950100,50009950100,1846,1804,2,7,8,0,6,19,17,1822,4,21,11,0,9,943,32,42,61,44,16,12,3,16,27,25,48,57,74,88,106,35,64,35,46,42,37,18,15,903,24,38,59,37,18,10,3,20,25,33,39,67,81,102,82,34,44,22,34,48,37,27,19,50.3,51,49.9,847,2.18,126,335,0,561,331,1155,2.65,1902,0,0,847,1055,384,312,151,983,958391797.831703,190775.43491686
18,50,001,960500,50001960500,9605,Census Tract 9605,G5020,S,107525388,1714173,+44.0977168,-073.0484473,140,2251,50,001,960500,50001960500,3894,3764,9,3,28,0,24,66,47,3827,16,51,40,0,27,1929,114,114,119,95,49,31,13,59,100,102,129,135,167,184,153,60,74,33,41,54,47,27,29,1965,108,107,128,83,45,17,13,48,107,122,123,152,156,182,143,60,56,41,55,60,53,55,51,41.9,41.3,42.7,1585,2.45,309,517,12,1051,845,2198,2.9,1691,0,0,1585,106,748,356,481,26,109237379.24028,52406.9827884033
19,50,001,960200,50001960200,9602,Census Tract 9602,G5020,S,122817211,35575032,+44.2031331,-073.2791964,140,2240,50,001,960200,50001960200,2775,2670,17,10,25,3,9,41,48,2711,29,35,30,3,10,1423,76,92,94,59,41,9,11,41,59,72,88,105,134,126,137,44,61,30,45,42,28,16,13,1352,55,70,92,66,20,8,7,27,53,69,94,108,137,134,119,45,45,30,41,56,28,26,22,44.3,43.4,45.2,1119,2.48,238,394,3,778,584,1662,2.89,1491,0,0,1119,372,654,232,233,318,158396042.099174,59853.0459617001
20,50,001,961000,50001961000,9610,Census Tract 9610,G5020,S,128776493,5373404,+43.9008582,-073.1035817,140,2273,50,001,961000,50001961000,2236,2184,6,10,9,0,4,23,20,2204,10,19,19,3,7,1136,55,63,59,53,24,15,3,39,47,56,54,82,112,119,100,29,52,30,31,48,30,15,20,1100,44,45,69,60,19,7,11,28,46,52,53,82,105,113,98,31,62,21,47,35,16,26,30,46.2,45.7,46.6,892,2.49,175,335,19,617,430,1342,2.87,1354,0,0,892,462,509,241,142,417,134148152.939758,49069.0693339287
21,50,001,960300,50001960300,9603,Census Tract 9603,G5020,S,6293582,202346,+44.1676604,-073.2553163,140,2243,50,001,960300,50001960300,2588,2402,78,7,23,0,18,60,67,2456,106,41,33,3,22,1265,83,63,83,82,87,34,27,63,61,78,65,76,96,101,78,30,33,23,29,28,19,7,19,1323,65,75,68,63,55,23,29,52,65,84,82,79,102,107,98,33,47,21,29,53,34,26,33,36.9,33.2,40,994,2.31,165,262,288,617,529,1255,2.89,1072,0,0,994,78,481,167,346,15,6496050.84174347,10328.1962814091
22,50,001,960400,50001960400,9604,Census Tract 9604,G5020,S,321950543,38571903,+44.0870615,-073.2671642,140,2246,50,001,960400,50001960400,5094,4973,18,12,20,2,21,48,91,5019,33,41,28,3,21,2614,111,145,188,134,53,21,21,69,120,134,131,194,241,225,220,85,132,83,67,90,73,42,35,2480,114,136,174,121,41,18,9,59,102,104,161,192,212,244,228,75,126,49,79,78,69,44,45,44.9,44.7,45.2,2018,2.52,449,803,0,1473,1092,3136,2.87,2325,0,0,2018,307,1138,525,355,198,360530670.154144,88980.4643251401
23,50,001,960600,50001960600,9606,Census Tract 9606,G5020,S,528820009,1880829,+43.9988970,-072.9400121,140,2255,50,001,960600,50001960600,2644,2562,9,15,10,0,3,45,22,2606,15,50,14,0,6,1377,80,88,93,66,25,12,9,33,46,68,78,95,130,137,129,39,55,41,41,52,27,17,16,1267,61,67,67,44,15,8,4,29,52,72,78,104,120,124,134,40,65,30,35,34,31,27,26,45.6,44.7,46.4,1135,2.32,214,355,6,717,554,1462,2.81,1545,0,0,1135,410,626,323,186,322,530681411.364468,127789.431127317
24,50,011,010700,50011010700,107,Census Tract 107,G5020,S,2689355,4265,+44.8120192,-073.0910421,140,14172,50,011,010700,50011010700,3451,3230,41,48,28,1,6,97,49,3318,80,93,41,4,13,1653,141,119,118,55,40,22,22,65,145,130,135,116,122,106,92,41,36,17,28,35,30,18,20,1798,111,105,123,61,32,21,28,82,156,141,112,127,121,123,116,32,39,25,35,51,56,56,45,35.1,33.6,36.5,1496,2.27,231,282,58,788,792,1570,3,1628,0,0,1496,132,497,147,852,5,2693576.2483139,9045.03397393851
25,50,011,011000,50011011000,110,Census Tract 110,G5020,S,200946151,2204010,+44.7079811,-072.9574536,140,14186,50,011,011000,50011011000,5562,5429,21,17,30,1,8,56,70,5485,35,50,36,5,9,2775,192,177,210,139,65,29,21,54,133,182,219,257,264,259,203,65,88,38,54,51,33,23,19,2787,181,209,201,144,44,22,15,53,129,219,238,239,263,278,180,62,68,49,40,47,46,31,29,39.1,39.4,38.7,2088,2.66,578,749,0,1594,1431,3323,2.98,2252,0,0,2088,164,1474,341,273,81,203142321.13736,69341.1641545702
26,50,011,010300,50011010300,103,Census Tract 103,G5020,S,258086219,880267,+44.9025918,-072.6218632,140,14153,50,011,010300,50011010300,3509,3356,13,27,10,1,3,99,40,3455,34,97,16,1,7,1706,115,92,128,69,45,15,13,48,86,103,101,127,127,143,139,51,66,40,49,45,36,38,30,1803,105,121,126,77,34,13,21,47,102,110,105,117,135,139,145,42,68,37,48,57,58,41,55,41.4,41.2,41.7,1409,2.44,235,439,73,925,809,1877,2.9,1864,0,0,1409,455,655,390,364,297,258948567.609329,73778.9323892345
27,50,011,010900,50011010900,109,Census Tract 109,G5020,S,101852099,15254529,+44.7224385,-073.1284519,140,14182,50,011,010900,50011010900,4515,4410,12,14,28,2,7,42,44,4451,22,34,36,3,11,2274,139,162,198,129,70,22,18,61,99,109,176,186,204,219,144,64,91,37,44,50,24,12,16,2241,122,167,184,111,47,19,17,61,81,138,180,201,231,193,188,60,55,44,37,40,27,20,18,39.4,38.7,39.9,1598,2.83,463,600,0,1298,1178,2808,3.07,1846,0,0,1598,248,1124,283,191,194,117105414.233894,47311.2654347076
28,50,011,010100,50011010100,101,Census Tract 101,G5020,S,331308074,31400940,+44.9507744,-072.9705047,140,14143,50,011,010100,50011010100,7130,6769,19,120,18,2,19,183,48,6950,33,279,22,3,27,3626,242,235,270,162,91,52,47,126,209,235,245,233,348,300,264,72,112,69,78,103,62,48,23,3504,210,252,280,154,72,41,40,94,216,218,243,272,309,286,224,65,109,68,81,98,83,47,42,38.6,38.3,38.8,2673,2.66,610,900,13,1969,1745,4139,2.99,3278,0,0,2673,605,1548,580,545,508,362695954.952797,82756.9018447212
29,50,011,010600,50011010600,106,Census Tract 106,G5020,S,95885013,60896809,+44.8113612,-073.1458957,140,14167,50,011,010600,50011010600,5999,5751,49,41,27,0,16,115,75,5861,64,119,41,3,28,2834,181,196,227,111,58,17,22,78,144,147,183,208,231,222,210,86,104,45,70,102,87,61,44,3165,174,170,194,103,49,27,24,84,177,182,211,244,264,266,216,74,92,61,84,110,117,108,134,42.6,40.9,43.8,2277,2.5,481,782,303,1602,1327,3343,2.92,2792,0,0,2277,515,1294,530,453,422,156780804.944588,77934.9857261275
30,50,011,010800,50011010800,108,Census Tract 108,G5020,S,2557494,0,+44.8109809,-073.0781351,140,14177,50,011,010800,50011010800,3467,3288,14,19,36,5,16,89,74,3372,34,73,50,8,21,1672,123,93,123,92,41,30,30,68,129,93,102,121,134,113,120,36,52,40,30,28,35,23,16,1795,98,89,120,71,39,21,29,78,130,112,112,131,152,139,135,39,57,25,35,52,45,49,37,38.2,35.6,40,1481,2.32,240,354,28,877,790,1753,2.9,1603,0,0,1481,122,567,217,697,19,2557441.9339447,9907.08786877864
31,50,011,010500,50011010500,105,Census Tract 105,G5020,S,124400239,35311959,+44.9063445,-073.1133855,140,14161,50,011,010500,50011010500,6427,6001,19,158,31,0,23,195,63,6191,44,309,49,2,30,3217,206,226,225,158,72,28,36,81,203,172,205,238,255,266,243,81,118,56,83,100,64,64,37,3210,187,197,205,141,70,28,34,85,195,189,212,238,266,249,245,86,125,68,82,92,81,63,72,40.6,39.9,41.2,2558,2.5,496,854,20,1777,1500,3684,2.92,2953,0,0,2558,395,1351,553,654,253,159710470.578117,68954.91370731
32,50,011,010200,50011010200,102,Census Tract 102,G5020,S,233703402,1851723,+44.9227432,-072.7538034,140,14149,50,011,010200,50011010200,4473,4301,16,40,16,0,16,84,55,4385,31,101,21,0,19,2277,139,153,164,124,67,24,21,79,124,146,146,156,189,188,146,52,84,45,57,69,49,33,22,2196,141,149,145,114,45,23,20,68,130,129,131,159,180,170,164,51,66,45,65,60,54,45,42,39.3,38.5,40.1,1720,2.58,350,582,34,1223,1104,2527,2.97,1919,0,0,1720,199,855,413,452,76,235540678.661438,65775.4120436224
33,50,011,010400,50011010400,104,Census Tract 104,G5020,S,289862977,3128548,+44.8127231,-072.8733041,140,14157,50,011,010400,50011010400,3213,3113,9,16,7,2,11,55,53,3165,16,54,16,3,14,1654,103,117,132,88,27,13,21,35,93,92,108,114,149,152,123,31,77,28,47,43,33,20,8,1559,97,100,122,73,41,12,10,40,89,97,107,121,125,135,132,40,56,25,31,39,31,25,11,39.7,39.9,39.6,1213,2.65,294,419,0,886,813,1870,3.03,1453,0,0,1213,240,736,274,203,185,292977222.864578,90964.1318237528
34,50,021,962200,50021962200,9622,Census Tract 9622,G5020,S,103397361,557619,+43.8053460,-073.0753217,140,24369,50,021,962200,50021962200,3966,3876,11,10,21,0,2,46,26,3922,21,33,35,0,2,1948,111,136,125,83,35,14,20,50,103,90,114,142,167,171,161,60,82,45,54,77,44,37,27,2018,118,102,91,78,27,19,10,69,89,108,125,122,190,195,157,56,93,53,61,86,67,47,55,45,43.8,46.7,1684,2.36,287,542,0,1074,816,2243,2.85,1854,0,0,1684,170,855,372,457,73,103953145.20142,42674.4258563391
35,50,021,963500,50021963500,9635,Census Tract 9635,G5020,S,190708583,479250,+43.4888588,-073.0889176,140,24421,50,021,963500,50021963500,1790,1745,8,7,6,0,1,23,9,1767,20,19,7,1,1,887,40,64,39,37,20,7,11,22,34,52,45,41,94,80,84,33,40,25,32,43,23,15,6,903,44,52,61,33,15,11,4,19,32,54,41,57,92,87,87,38,31,28,28,40,16,15,18,46.7,46.7,46.7,746,2.4,137,306,0,527,357,1108,2.78,981,0,0,746,235,401,231,114,201,191184819.125832,73831.554329599
36,50,021,962800,50021962800,9628,Census Tract 9628,G5020,S,348615497,1332691,+43.5936645,-072.8436951,140,24392,50,021,962800,50021962800,2926,2832,13,9,27,0,8,37,32,2869,21,18,39,0,17,1491,45,51,83,42,38,15,24,47,85,57,63,98,139,160,149,70,65,39,56,71,47,32,15,1435,46,58,78,51,31,15,15,49,78,41,67,86,118,154,147,56,88,48,51,65,34,35,24,49.1,48.6,49.5,1309,2.18,179,481,66,793,434,1673,2.66,3860,0,0,1309,2551,653,376,280,2328,349929864.239193,83469.3098952497
37,50,021,963800,50021963800,9638,Census Tract 9638,G5020,S,168389346,4999071,+43.5022195,-073.1922608,140,24431,50,021,963800,50021963800,4582,4417,47,8,29,1,20,60,64,4472,70,25,49,4,26,2279,114,115,105,79,138,73,68,153,121,95,87,136,167,178,158,72,85,38,73,90,64,46,24,2303,102,89,96,78,179,84,79,108,116,87,106,142,179,172,155,49,86,50,68,87,79,64,48,40.3,39.6,40.8,1765,2.31,266,610,502,1102,751,2360,2.82,2597,0,0,1765,832,810,506,449,701,173389384.62672,67112.1702904066
38,50,025,967500,50025967500,9675,Census Tract 9675,G5020,S,262096723,7903219,+43.0205471,-072.9083016,140,30704,50,025,967500,50025967500,1119,1094,11,1,0,2,0,11,5,1105,16,8,1,2,0,581,33,27,35,28,10,7,3,16,23,29,29,39,45,75,50,16,25,14,19,26,13,8,11,538,26,35,35,13,14,1,3,8,24,31,41,39,46,58,53,15,12,20,12,24,13,8,7,45.6,46.1,44.9,475,2.36,88,160,0,304,226,646,2.87,2317,0,0,475,1842,257,143,75,1811,269988188.693941,84123.7130624328
39,50,025,967000,50025967000,9670,Census Tract 9670,G5020,S,8825077,639460,+43.1463227,-072.4605427,140,30687,50,025,967000,50025967000,3251,3080,26,11,22,6,10,96,60,3176,48,68,34,6,18,1558,103,110,93,62,37,18,20,79,96,90,104,96,118,124,119,41,56,34,35,43,25,30,25,1693,120,94,97,65,40,20,16,74,115,97,96,105,131,131,129,33,53,25,30,56,54,44,68,39.4,38.3,40.5,1357,2.3,188,279,128,752,718,1531,2.99,1551,0,0,1357,194,402,208,747,16,9463863.22241974,17783.7581304736
40,50,025,968000,50025968000,9680,Census Tract 9680,G5020,S,102802281,5231212,+42.8810199,-072.8655808,140,30722,50,025,968000,50025968000,1876,1842,4,5,12,2,1,10,29,1850,9,9,14,2,3,951,46,53,46,40,13,6,12,35,74,41,41,72,76,90,68,31,45,24,37,38,26,30,7,925,42,39,61,29,17,8,13,32,53,37,60,63,79,86,76,19,54,24,38,23,31,29,12,45.2,44.8,46.1,866,2.17,119,276,0,502,343,1026,2.73,2493,0,0,866,1627,340,226,300,1536,108028111.26203,41557.9596238014
41,50,025,968700,50025968700,9687,Census Tract 9687,G5020,S,153526379,1937484,+42.7676337,-072.5872936,140,30749,50,025,968700,50025968700,4327,4194,23,6,16,0,28,60,73,4252,32,40,26,3,35,2154,101,133,142,119,48,22,9,77,95,92,115,138,171,214,195,81,94,59,67,56,56,35,35,2173,101,100,130,107,36,15,14,42,101,107,108,161,213,178,181,95,98,53,67,67,45,50,104,45.7,44.5,46.6,1767,2.42,342,593,57,1184,909,2511,2.89,1962,0,0,1767,195,942,447,378,112,155453056.724213,56950.0982623922
42,50,025,967900,50025967900,9679,Census Tract 9679,G5020,S,91283636,229232,+42.9654896,-072.8471074,140,30717,50,025,967900,50025967900,1124,1083,5,0,9,0,8,19,18,1102,8,15,10,0,10,585,15,36,24,18,11,4,6,8,28,25,31,37,53,70,53,25,31,20,20,25,24,14,7,539,28,20,33,13,5,3,0,17,19,30,27,36,46,54,68,24,24,15,18,22,17,12,8,49.3,49.6,49.1,537,2.09,83,187,0,313,182,644,2.64,3054,0,0,537,2517,257,131,149,2443,91508118.7416706,39830.8928050435
43,50,025,968500,50025968500,9685,Census Tract 9685,G5020,S,8692530,334382,+42.8403772,-072.5685454,140,30740,50,025,968500,50025968500,5807,5277,152,21,127,2,54,174,178,5438,247,79,154,8,79,2680,173,153,164,98,74,38,31,109,236,152,161,158,234,214,218,60,92,45,60,64,52,49,45,3127,149,162,138,110,86,27,36,157,236,214,180,189,232,248,198,83,115,63,85,92,85,99,143,40.3,38.8,42,2739,2.04,267,458,228,1245,1098,2409,2.82,2935,0,0,2739,196,737,375,1627,25,9026272.3897438,13005.0529673205
44,50,025,967700,50025967700,9677,Census Tract 9677,G5020,S,69304556,184436,+42.9951916,-072.5298301,140,30711,50,025,967700,50025967700,2702,2568,40,4,16,2,17,55,77,2622,54,30,27,4,25,1439,49,66,67,38,137,101,60,115,67,53,46,63,107,121,89,49,51,33,28,33,28,23,15,1263,39,55,55,68,64,42,27,43,60,59,67,71,114,116,122,35,42,29,41,27,40,31,16,39.1,31.7,44.1,1001,2.22,158,273,483,571,419,1186,2.81,1146,0,0,1001,145,369,269,363,77,69484052.8732662,36971.4048328962
45,50,025,967300,50025967300,9673,Census Tract 9673,G5020,S,91658562,1312483,+43.2047551,-072.7953696,140,30698,50,025,967300,50025967300,1769,1733,6,1,13,0,0,16,18,1749,12,8,14,2,0,880,46,47,43,33,16,4,7,31,40,37,66,65,67,77,80,29,39,23,31,43,29,14,13,889,46,46,44,33,22,7,6,18,37,49,48,68,69,90,73,26,38,21,35,40,28,23,22,46,45.4,46.9,790,2.24,133,276,0,493,332,1023,2.75,1476,0,0,790,686,384,219,187,617,92965807.0989723,42517.0389297068
46,50,025,967600,50025967600,9676,Census Tract 9676,G5020,S,118725140,656518,+43.0746563,-072.5080387,140,30708,50,025,967600,50025967600,3178,3051,16,17,21,0,14,59,49,3110,29,49,33,1,19,1586,88,79,134,69,36,10,7,48,73,77,70,91,160,173,147,56,65,34,38,55,30,25,21,1592,60,95,115,48,39,11,7,44,73,71,73,133,145,173,154,55,58,36,42,62,45,31,22,45.7,45.5,45.9,1298,2.35,195,463,124,834,559,1771,2.79,1466,0,0,1298,168,679,389,230,114,119373165.109753,46001.7887292027
47,50,025,968100,50025968100,9681,Census Tract 9681,G5020,S,94649472,6010680,+42.7805148,-072.8694433,140,30726,50,025,968100,50025968100,1357,1329,4,2,1,1,4,16,8,1344,6,8,6,3,6,690,45,41,57,19,9,8,7,19,36,29,36,39,57,56,72,27,19,16,27,23,27,13,8,667,35,43,38,25,9,6,7,16,38,30,40,43,56,70,60,23,24,18,25,19,13,17,12,45.2,45,45.4,574,2.36,100,207,0,389,293,786,2.77,918,0,0,574,344,305,177,92,304,100655212.705102,40102.9018754963
48,50,025,967800,50025967800,9678,Census Tract 9678,G5020,S,104171934,780237,+42.9727535,-072.7040391,140,30714,50,025,967800,50025967800,1726,1666,9,8,6,0,11,26,19,1690,14,26,11,1,12,822,35,37,45,34,12,4,4,11,36,40,31,58,73,81,103,35,48,21,24,28,32,17,13,904,37,35,63,37,13,6,5,23,39,32,51,68,69,90,102,27,49,22,31,35,36,15,19,48.9,49.6,47.7,771,2.24,111,289,0,493,309,1009,2.67,1090,0,0,771,319,427,222,122,282,104945388.795677,43466.1280833373
49,50,027,966600,50027966600,9666,Census Tract 9666,G5020,S,69917019,601477,+43.2815535,-072.5013079,140,35111,50,027,966600,50027966600,5075,4907,25,7,42,0,15,79,83,4981,54,48,55,0,19,2429,167,147,149,103,49,18,11,61,158,138,128,156,206,215,160,46,101,65,82,89,63,58,59,2646,162,150,133,92,45,27,29,72,165,139,136,162,210,198,172,66,119,59,67,93,92,98,160,44.2,42.9,45.3,2178,2.28,313,654,102,1363,1069,2717,2.78,2423,0,0,2178,245,929,511,738,69,70513480.1783028,38696.5275004686
50,50,027,965600,50027965600,9656,Census Tract 9656,G5020,S,12196611,139453,+43.6404418,-072.3303478,140,35073,50,027,965600,50027965600,4143,3883,26,18,92,3,10,111,63,3982,57,73,121,10,18,1986,145,148,124,76,35,27,20,59,134,119,130,138,153,165,157,68,54,41,38,51,47,29,28,2157,114,104,123,88,31,24,22,77,169,127,146,145,163,162,166,58,79,39,46,100,65,55,54,40.5,39.1,41.9,1855,2.22,277,458,20,1048,887,2118,2.87,2037,0,0,1855,182,743,364,748,35,12335234.4858017,24151.3234185883
51,50,027,965900,50027965900,9659,Census Tract 9659,G5020,S,423804756,2509990,+43.5464021,-072.6427728,140,35085,50,027,965900,50027965900,3320,3250,4,9,13,0,3,41,15,3291,8,36,22,0,4,1651,53,67,91,68,33,20,8,27,66,58,88,99,158,161,171,54,91,54,82,81,60,40,21,1669,60,94,89,58,28,5,7,35,55,70,88,99,166,155,179,66,82,46,71,90,51,33,42,49.5,49.6,49.3,1510,2.2,231,581,0,961,567,2015,2.69,2799,0,0,1510,1289,769,457,284,1162,426286123.191879,103111.131281838
52,50,027,965200,50027965200,9652,Census Tract 9652,G5020,S,263189465,1435550,+43.8703154,-072.7500527,140,35056,50,027,965200,50027965200,2870,2771,16,8,13,1,0,61,35,2830,28,44,27,2,1,1438,76,83,88,45,30,11,15,49,64,80,72,92,125,115,156,46,59,28,48,70,26,40,20,1432,81,57,70,58,23,9,23,50,62,81,78,93,131,146,114,38,58,37,59,59,39,28,38,46,45.7,46.3,1252,2.29,195,440,0,801,544,1660,2.75,1691,0,0,1252,439,590,387,275,335,264609359.270573,109269.729529196
53,50,027,965400,50027965400,9654,Census Tract 9654,G5020,S,449611393,2834022,+43.7444436,-072.5728310,140,35061,50,027,965400,50027965400,4089,3969,19,12,29,0,4,56,44,4022,31,42,44,0,11,2033,94,118,150,81,30,10,26,53,94,90,108,127,156,194,211,75,96,59,60,84,61,34,22,2056,89,97,127,86,42,13,12,58,92,100,106,119,209,191,218,68,78,63,80,78,58,43,29,46.9,46.5,47.3,1766,2.32,317,639,0,1163,827,2396,2.77,2548,0,0,1766,782,892,505,369,668,452414737.895065,108772.20931389
54,50,027,966200,50027966200,9662,Census Tract 9662,G5020,S,114280649,626971,+43.4032699,-072.5959912,140,35099,50,027,966200,50027966200,1611,1560,9,3,11,0,2,26,27,1584,12,18,18,1,6,814,34,35,51,38,16,2,5,16,36,49,38,58,77,71,80,28,37,16,32,47,21,13,14,797,27,45,59,33,17,6,1,24,25,42,43,57,75,59,68,24,46,21,28,28,32,15,22,46.6,47.1,46.2,688,2.32,116,255,15,462,310,961,2.75,1065,0,0,688,377,332,237,119,310,114899622.462894,42934.9507445991
55,50,027,965800,50027965800,9658,Census Tract 9658,G5020,S,114881654,731082,+43.5943710,-072.5482776,140,35082,50,027,965800,50027965800,3048,2963,13,11,14,1,8,38,31,3001,25,24,26,2,8,1427,47,81,86,61,28,10,11,27,50,71,54,78,92,128,136,62,86,47,69,67,54,32,50,1621,56,68,86,73,18,9,7,26,49,62,62,83,124,168,154,57,105,57,60,91,58,53,95,51.9,50.7,52.6,1392,2.16,206,498,45,865,547,1777,2.69,1893,0,0,1392,501,628,384,380,362,115604547.414253,43907.7485693411
56,50,027,966500,50027966500,9665,Census Tract 9665,G5020,S,309163886,1334934,+43.2889397,-072.6929119,140,35106,50,027,966500,50027966500,4187,4087,12,17,21,0,3,47,37,4134,27,35,30,4,10,2043,76,92,122,78,51,18,20,42,82,101,92,112,168,198,205,68,102,63,78,98,86,56,35,2144,92,125,119,76,47,14,15,49,95,87,102,121,162,210,201,75,96,60,77,101,88,70,62,49.3,49.2,49.3,1882,2.22,274,673,12,1188,766,2461,2.72,2766,0,0,1882,884,868,572,442,762,310478998.695183,82963.0000065553
57,50,025,968300,50025968300,9683,Census Tract 9683,G5020,S,79235613,620580,+42.9224488,-072.5995466,140,30732,50,025,968300,50025968300,1864,1807,6,2,27,0,4,18,21,1824,12,8,34,2,5,912,36,47,58,32,17,8,8,18,36,46,41,54,76,92,101,39,43,18,32,44,29,22,15,952,40,43,36,36,22,8,5,21,29,51,54,65,93,81,97,41,56,20,39,44,31,23,17,48.7,48.9,48.6,823,2.26,128,317,0,547,325,1148,2.69,950,0,0,823,127,394,284,145,88,79850612.8946648,40276.7842269299
58,50,023,955800,50023955800,9558,Census Tract 9558,G5020,S,94383542,23644,+44.2204066,-072.8602696,140,27541,50,023,955800,50023955800,1353,1324,2,1,5,1,0,20,15,1343,11,5,12,1,2,681,25,34,52,30,5,7,2,19,30,29,42,52,71,70,64,18,36,12,21,31,17,12,2,672,26,45,51,19,9,0,6,14,34,30,45,63,73,70,55,22,28,15,18,24,14,10,1,45.2,45.8,44.5,594,2.27,125,184,7,365,279,731,2.77,1201,0,0,594,607,358,146,90,566,94402548.4425583,41614.9535058316
59,50,021,963200,50021963200,9632,Census Tract 9632,G5020,S,5985255,173428,+43.6202311,-072.9932497,140,24406,50,021,963200,50021963200,3174,3021,29,12,17,1,13,81,58,3095,66,43,34,2,18,1648,94,102,99,60,33,15,15,81,110,145,122,134,147,119,117,42,51,24,30,26,38,28,16,1526,82,73,81,52,26,15,21,64,131,89,91,108,125,140,111,39,34,32,25,43,53,54,37,39.8,38.5,41.6,1356,2.23,179,325,145,771,619,1520,2.77,1483,0,0,1356,127,531,247,578,21,6158488.37919235,14912.2751290205
60,50,021,963400,50021963400,9634,Census Tract 9634,G5020,S,81086839,557193,+43.5311614,-072.9891642,140,24418,50,021,963400,50021963400,2571,2497,11,3,29,0,2,29,10,2525,15,11,43,0,6,1291,49,82,72,68,30,10,13,33,62,66,66,80,114,139,123,52,59,34,45,41,24,15,14,1280,35,57,96,49,30,12,9,28,53,58,79,86,110,148,131,46,60,30,48,48,25,23,19,46.2,45.6,47,1071,2.4,176,391,0,702,484,1536,2.88,1166,0,0,1071,95,573,301,197,39,81641313.4024162,38211.8667848379
61,50,023,955000,50023955000,9550,Census Tract 9550,G5020,S,82532073,650202,+44.2961230,-072.5069208,140,27506,50,023,955000,50023955000,2576,2488,18,8,13,0,6,43,41,2527,25,32,28,3,7,1285,52,86,92,51,40,12,9,22,55,71,75,79,102,113,119,54,53,34,46,51,34,19,16,1291,50,83,76,58,16,5,4,22,49,64,75,98,104,123,148,41,61,31,50,41,38,26,28,46.2,44.9,47.2,1068,2.41,204,388,0,746,534,1556,2.8,1129,0,0,1068,61,541,340,187,22,83176350.5918045,40190.2690039534
62,50,023,955600,50023955600,9556,Census Tract 9556,G5020,S,103409221,128832,+44.1125262,-072.8740280,140,27535,50,023,955600,50023955600,1705,1655,6,5,6,2,5,26,24,1680,13,16,16,3,8,877,41,55,58,35,10,7,6,33,33,37,61,54,84,72,83,30,34,38,34,30,26,10,6,828,51,49,47,44,11,1,2,16,40,43,56,55,80,86,70,32,38,18,18,26,27,14,4,45.2,45.4,44.9,771,2.21,144,206,0,426,369,849,2.86,2232,0,0,771,1461,401,189,181,1345,103532818.900528,41816.0306722083
63,50,023,955200,50023955200,9552,Census Tract 9552,G5020,S,6594411,83413,+44.1987820,-072.5123019,140,27514,50,023,955200,50023955200,4522,4288,62,13,55,1,18,85,92,4369,96,34,81,2,25,2128,164,151,127,98,62,25,26,85,166,120,132,144,173,150,138,52,54,30,44,66,48,41,32,2394,155,156,134,76,50,36,19,102,169,142,135,190,163,171,175,47,65,44,47,80,75,62,101,38.9,36.3,40.6,1954,2.25,249,417,122,1119,1030,2152,2.84,2124,0,0,1954,170,703,295,956,17,6677347.92028046,13484.3040779875
64,50,023,954700,50023954700,9547,Census Tract 9547,G5020,S,10108243,160671,+44.2635102,-072.5516689,140,27497,50,023,954700,50023954700,1505,1401,23,1,46,1,0,33,33,1434,31,10,59,3,4,680,45,35,62,27,11,10,3,21,26,34,34,49,44,55,55,25,50,19,25,12,15,14,9,825,34,42,41,41,11,2,4,14,37,44,48,50,55,89,80,38,41,20,25,27,30,30,22,46.3,43,48,702,2.14,102,194,0,396,314,780,2.76,755,0,0,702,53,333,167,202,18,10268188.8497314,26733.8277121961
65,50,023,955300,50023955300,9553,Census Tract 9553,G5020,S,41821103,48550,+44.2038516,-072.4653549,140,27521,50,023,955300,50023955300,4054,3983,12,6,11,0,11,31,51,4014,21,20,21,0,12,1968,87,119,133,100,39,8,16,54,65,113,109,136,177,178,178,58,72,46,58,81,67,47,27,2086,84,121,129,90,36,16,11,46,84,94,111,156,194,188,183,78,86,44,75,92,76,46,46,45.9,45.1,46.7,1619,2.5,343,698,0,1231,850,2618,2.82,1675,0,0,1619,56,1022,470,127,20,41866674.185112,34573.9733239782
66,50,023,955700,50023955700,9557,Census Tract 9557,G5020,S,69197572,470790,+44.1805737,-072.7937244,140,27538,50,023,955700,50023955700,1719,1668,4,6,15,1,6,19,20,1685,10,13,24,2,7,834,33,52,53,39,12,10,4,17,40,38,53,67,70,84,71,31,45,12,25,38,19,17,4,885,35,57,61,32,12,4,5,18,27,57,46,67,78,100,74,28,37,15,25,46,28,17,16,45.9,44.9,46.9,776,2.21,158,255,7,484,359,979,2.76,1011,0,0,776,235,398,173,205,186,69664351.8601532,36111.0238545734
67,50,023,954000,50023954000,9540,Census Tract 9540,G5020,S,262178205,4602510,+44.3325772,-072.3474396,140,27471,50,023,954000,50023954000,4264,4111,28,18,14,0,6,87,45,4198,52,75,28,3,8,2134,135,165,132,95,46,9,22,65,99,116,116,163,165,201,170,88,76,38,64,61,48,34,26,2130,135,123,143,86,43,20,14,38,118,121,129,161,187,183,178,65,90,54,48,66,61,28,39,42.7,42.3,43.1,1735,2.46,359,557,2,1168,988,2390,2.89,2065,0,0,1735,330,955,464,316,236,266762779.337387,78910.693861527
68,50,023,954200,50023954200,9542,Census Tract 9542,G5020,S,202625099,1217550,+44.3592122,-072.5922104,140,27479,50,023,954200,50023954200,2729,2636,19,11,13,0,5,45,22,2681,27,43,15,0,9,1369,79,93,92,61,23,8,8,30,38,74,97,110,116,124,138,58,68,27,39,40,17,18,11,1360,74,81,81,68,18,4,8,26,44,81,94,121,114,149,131,56,61,33,35,42,15,8,16,43.8,43.8,43.9,1077,2.53,250,392,7,789,623,1632,2.86,1209,0,0,1077,132,700,244,133,87,203814217.133499,67313.8229346754
69,50,007,003900,50007003900,39,Census Tract 39,G5020,S,2814063,8144,+44.4680807,-073.1989699,140,10577,50,007,003900,50007003900,6200,5674,125,8,175,1,61,156,231,5818,171,42,252,7,78,2758,18,31,42,19,1273,587,243,140,66,36,21,29,55,43,36,17,32,8,17,17,13,10,5,3442,20,30,39,27,1839,698,231,134,56,35,23,28,52,44,47,18,25,20,11,14,22,12,17,19.9,20,19.8,615,2.28,87,135,4796,268,213,539,2.81,653,0,0,615,38,186,127,302,26,2822219.17479706,8936.56253305311
70,50,007,003301,50007003301,33.01,Census Tract 33.01,G5020,S,15891602,38603,+44.4211137,-073.1621156,140,10550,50,007,003301,50007003301,3562,3177,35,2,271,0,9,68,57,3244,51,7,314,9,10,1744,97,131,168,113,39,17,8,38,39,63,96,136,200,189,136,41,72,27,26,51,34,14,9,1818,76,131,168,107,28,8,12,38,41,68,107,168,237,170,149,43,62,34,42,54,37,20,18,43.1,42.4,43.7,1262,2.82,490,464,0,1042,983,2258,3.11,1336,0,0,1262,74,920,267,75,30,15930174.1585312,17947.754131704
71,50,007,004002,50007004002,40.02,Census Tract 40.02,G5020,S,9245577,387860,+44.4567034,-073.1455968,140,10581,50,007,004002,50007004002,4556,4175,112,8,161,0,17,83,85,4256,146,34,183,0,22,2146,113,96,101,67,33,20,16,108,232,171,135,150,187,158,136,48,63,36,60,66,66,42,42,2410,106,106,120,70,41,17,27,101,190,187,151,149,170,195,167,47,63,52,81,101,99,86,84,41.1,39.3,42.9,2102,2.17,294,580,0,1157,763,2417,2.75,2218,0,0,2102,116,1001,372,729,22,9633386.15556335,31450.7794943047
72,50,007,002301,50007002301,23.01,Census Tract 23.01,G5020,S,16650213,15651221,+44.5810167,-073.2117144,140,10500,50,007,002301,50007002301,2210,2126,17,10,21,1,2,33,45,2156,27,24,32,1,4,1126,51,85,93,45,17,18,9,42,66,73,61,87,96,120,106,28,37,19,20,20,18,10,5,1084,56,64,73,53,24,7,7,31,68,71,70,104,101,115,97,33,30,12,13,20,17,11,7,40.5,40.2,40.7,900,2.46,199,287,0,617,512,1248,2.85,1073,0,0,900,173,485,131,284,138,32301665.6970901,28898.4112938122
73,50,007,003600,50007003600,36,Census Tract 36,G5020,S,6324854,9848,+44.4618433,-073.1816822,140,10573,50,007,003600,50007003600,4058,3627,54,11,241,0,18,107,83,3726,84,50,274,0,34,1865,84,93,83,58,30,30,38,130,236,202,141,105,132,117,110,36,33,25,20,38,47,35,42,2193,94,76,64,66,24,24,35,161,240,166,140,131,153,152,128,52,61,34,47,77,80,82,106,36.5,33.4,40.2,2024,2,213,408,6,889,603,1770,2.67,2109,0,0,2024,85,881,249,894,18,6334705.88565063,15027.1676603107
74,50,007,003304,50007003304,33.04,Census Tract 33.04,G5020,S,8492805,33471414,+44.4502368,-073.2769460,140,10552,50,007,003304,50007003304,5728,5137,147,14,296,6,21,107,111,5237,181,46,343,10,27,2692,139,128,147,89,41,16,34,138,284,211,180,199,198,220,135,64,85,49,63,73,57,57,85,3036,137,134,139,81,42,31,32,159,244,196,182,202,190,220,189,58,111,46,91,101,99,107,245,40.9,38.3,43.5,2599,2.06,405,600,385,1301,977,2614,2.76,2766,0,0,2599,167,1145,351,1103,47,41965078.273468,47203.3920171497
75,50,007,002302,50007002302,23.02,Census Tract 23.02,G5020,S,26854124,40904948,+44.5489179,-073.2688439,140,10503,50,007,002302,50007002302,6543,6306,45,14,75,1,15,87,80,6385,69,48,101,8,24,3229,182,222,218,153,62,26,42,96,185,182,202,271,280,279,243,88,138,71,76,91,55,38,29,3314,174,168,198,132,74,29,24,101,201,207,231,264,285,289,258,116,148,63,87,101,75,54,35,41.6,40.9,42.4,2603,2.51,545,898,0,1848,1427,3909,2.89,3040,0,0,2603,437,1596,432,575,363,67760440.098877,51650.555506987
76,50,023,954100,50023954100,9541,Census Tract 9541,G5020,S,195426647,5710645,+44.4046933,-072.4338486,140,27475,50,023,954100,50023954100,2513,2439,11,7,20,0,2,34,22,2473,20,33,21,0,2,1243,57,78,70,41,23,8,4,39,52,67,76,90,89,128,147,49,85,35,35,29,19,13,9,1270,58,68,82,61,9,8,4,37,49,63,72,105,109,135,129,42,77,24,39,35,29,20,15,45.8,45.8,45.8,1074,2.34,210,375,0,699,503,1451,2.8,1555,0,0,1074,481,604,315,155,403,201123131.061623,60235.6276280366
77,50,023,955500,50023955500,9555,Census Tract 9555,G5020,S,221397408,458792,+44.1011129,-072.7155788,140,27529,50,023,955500,50023955500,6898,6537,81,18,63,1,40,158,175,6686,142,91,97,4,53,3816,142,134,152,94,652,307,263,295,159,144,144,182,227,204,181,87,121,63,64,78,55,37,31,3082,150,146,153,92,225,147,94,163,148,172,163,156,202,241,209,82,97,45,76,83,84,64,90,28.8,22.9,36.6,2206,2.36,362,685,1702,1391,1025,2899,2.82,2542,0,0,2206,336,1049,448,709,210,221841917.744255,65254.5100000182
78,50,023,954500,50023954500,9545,Census Tract 9545,G5020,S,93949224,1734712,+44.2041467,-072.6097629,140,27491,50,023,954500,50023954500,2887,2802,13,4,11,1,9,47,46,2847,32,14,28,4,14,1348,61,73,90,62,21,11,8,38,57,68,83,93,117,111,107,53,50,27,30,58,49,36,45,1539,62,76,93,51,27,14,10,33,59,64,93,89,113,108,128,46,37,30,44,65,66,68,163,47.7,45.4,49.3,1125,2.35,178,381,242,745,548,1531,2.79,1236,0,0,1125,111,517,374,234,52,95677288.1950531,43584.7310343614
79,50,023,954600,50023954600,9546,Census Tract 9546,G5020,S,9062286,186778,+44.2725432,-072.5862726,140,27494,50,023,954600,50023954600,2221,2082,13,8,45,0,11,62,43,2142,34,43,56,1,17,1062,42,58,57,36,27,7,9,37,90,70,70,69,78,95,105,39,50,22,19,32,18,21,11,1159,65,54,48,44,18,14,5,52,81,90,62,73,85,114,108,47,50,27,18,32,30,20,22,42.7,41.5,43.3,1001,2.11,155,256,111,545,395,1098,2.74,1084,0,0,1001,83,390,171,440,10,9248416.29086304,18252.9907580788
80,50,023,954800,50023954800,9548,Census Tract 9548,G5020,S,954509,19389,+44.2580266,-072.5689008,140,27500,50,023,954800,50023954800,2239,2081,25,11,48,0,17,57,61,2132,40,42,66,0,25,1053,52,60,50,33,25,13,10,41,111,78,65,75,81,96,73,34,43,16,15,27,17,19,19,1186,50,60,63,34,18,8,8,40,130,79,84,75,93,85,109,22,44,10,21,29,27,44,53,40.2,39.2,41.1,1135,1.9,128,170,77,450,394,861,2.79,1195,0,0,1135,60,290,104,741,12,973831.402740479,4498.29863551178
81,50,023,954900,50023954900,9549,Census Tract 9549,G5020,S,5918259,134731,+44.2469360,-072.5779385,140,27503,50,023,954900,50023954900,1890,1798,18,3,32,1,6,32,29,1830,24,17,44,2,9,842,63,53,39,33,11,3,14,30,39,68,64,51,73,68,58,22,28,10,25,35,15,16,24,1048,50,45,36,27,9,6,7,22,72,68,54,61,80,86,88,31,46,24,31,40,47,47,71,45.7,40.3,48.9,948,1.99,124,230,3,477,335,939,2.67,1000,0,0,948,52,428,208,312,8,6052562.63098145,12272.807314117
82,50,023,954300,50023954300,9543,Census Tract 9543,G5020,S,124929167,3938943,+44.3681199,-072.7586224,140,27482,50,023,954300,50023954300,5064,4889,20,11,47,2,16,79,49,4966,31,54,68,3,21,2527,135,134,179,129,36,16,19,69,140,146,204,212,209,219,210,95,99,42,58,70,52,35,19,2537,141,155,133,98,39,14,14,67,140,166,205,205,214,229,207,85,88,48,63,86,53,34,53,41.9,41.3,42.4,2207,2.27,447,658,54,1365,1094,2764,2.83,2385,0,0,2207,178,1109,411,687,88,128860173.708885,52554.2502982818
83,50,007,002702,50007002702,27.02,Census Tract 27.02,G5020,S,48079504,309752,+44.5188376,-073.0215240,140,10530,50,007,002702,50007002702,4935,4652,50,10,110,0,13,100,79,4745,69,31,171,4,19,2409,159,186,193,127,39,17,17,52,110,140,148,201,224,244,167,69,83,37,59,62,40,24,11,2526,163,189,187,116,49,19,16,56,93,161,169,217,239,260,176,50,91,56,53,53,54,32,27,40.7,40.4,41,1842,2.68,559,632,0,1419,1301,3008,3.04,1894,0,0,1842,52,1293,336,213,16,48387912.0659256,32748.1247902676
84,50,007,002701,50007002701,27.01,Census Tract 27.01,G5020,S,40298904,512688,+44.5411179,-073.0955969,140,10526,50,007,002701,50007002701,5376,5031,85,5,159,1,21,74,69,5101,110,21,190,5,24,2635,140,161,187,152,62,22,26,78,161,173,161,189,234,253,213,70,88,54,53,66,58,25,9,2741,141,160,197,124,50,19,21,81,176,165,152,191,271,251,211,76,100,57,69,85,68,51,25,41,39.9,42.1,2168,2.47,509,672,24,1451,1225,3084,2.97,2241,0,0,2168,73,1284,382,502,27,40810906.2982025,39061.7492830688
85,50,007,002101,50007002101,21.01,Census Tract 21.01,G5020,S,64527271,22559488,+44.6733097,-073.1844090,140,10486,50,007,002101,50007002101,2823,2744,9,5,12,0,3,50,21,2794,22,29,30,0,3,1403,68,104,102,70,35,11,5,30,72,90,111,131,142,135,96,44,38,33,26,33,11,10,6,1420,98,97,109,62,26,14,11,26,70,92,106,140,148,113,116,24,44,25,31,30,9,15,14,40.1,40.2,40,1030,2.74,313,384,0,804,701,1746,3.04,1195,0,0,1030,165,815,135,80,134,87086942.6127701,44811.8084831984
86,50,007,003100,50007003100,31,Census Tract 31,G5020,S,77904030,1304249,+44.4290675,-073.0962455,140,10545,50,007,003100,50007003100,8698,8314,87,16,170,0,17,94,127,8390,120,34,210,1,40,4163,234,339,330,228,70,28,28,103,150,186,243,315,379,398,339,104,153,82,84,122,105,80,63,4535,205,292,308,198,78,18,26,75,207,207,257,371,420,437,338,104,166,100,135,183,158,165,87,44.1,42.6,45.4,3514,2.47,907,1150,5,2425,2115,5085,2.97,3652,0,0,3514,138,2154,683,677,54,79206925.6884918,45232.4503042054
87,50,007,980000,50007980000,9800,Census Tract 9800,G5020,S,2760151,0,+44.4717318,-073.1514415,140,10584,50,007,980000,50007980000,0,0,0,0,0,0,0,0,0,0,0,0,0,0,0,0,0,0,0,0,0,0,0,0,0,0,0,0,0,0,0,0,0,0,0,0,0,0,0,0,0,0,0,0,0,0,0,0,0,0,0,0,0,0,0,0,0,0,0,0,0,0,0,0,0,0,0,0,0,0,0,0,0,0,0,0,0,0,0,0,0,0,0,0,2760136.72537994,10994.2238502415
88,50,007,003400,50007003400,34,Census Tract 34,G5020,S,62960369,53758428,+44.3926737,-073.2434343,140,10556,50,007,003400,50007003400,7144,6896,48,13,95,1,15,76,105,6969,79,31,122,2,22,3366,161,234,275,198,71,17,21,68,96,130,169,235,278,319,277,99,128,71,91,120,93,99,116,3778,163,231,266,165,53,23,14,84,106,160,175,280,305,327,304,116,136,81,100,139,145,161,244,46.6,45.1,47.8,2880,2.42,701,955,162,1955,1673,4055,2.93,3085,0,0,2880,205,1559,666,655,100,116720533.671516,47476.1830994011
89,50,007,003000,50007003000,30,Census Tract 30,G5020,S,83466113,1351451,+44.3822410,-072.9798837,140,10542,50,007,003000,50007003000,4081,3960,13,5,23,0,6,74,38,4027,25,44,51,5,13,2007,107,157,162,98,47,15,10,47,94,116,129,166,167,221,186,55,57,32,48,37,27,17,12,2074,126,134,142,108,36,10,16,33,114,136,114,150,198,255,170,52,64,37,55,34,26,30,34,41.7,40.9,42.6,1586,2.56,422,525,13,1154,1012,2380,2.94,1653,0,0,1586,67,948,350,288,22,84814758.6848221,39124.3948218795
90,50,007,003502,50007003502,35.02,Census Tract 35.02,G5020,S,111331777,1041721,+44.3289146,-073.0911579,140,10566,50,007,003502,50007003502,5070,4888,19,21,32,5,10,95,61,4980,45,66,61,5,16,2560,176,151,157,138,60,28,20,81,136,136,174,198,257,253,196,74,91,39,64,51,40,27,13,2510,143,152,164,118,47,13,22,73,130,140,183,208,250,256,239,69,79,39,45,64,31,27,18,41.2,40.7,41.6,2012,2.52,496,677,2,1426,1177,2984,2.92,2139,0,0,2012,127,1233,457,322,73,112371669.276871,47951.4252015779
91,50,007,002102,50007002102,21.02,Census Tract 21.02,G5020,S,68546946,2081536,+44.6227769,-073.1129248,140,10489,50,007,002102,50007002102,7529,7285,59,28,45,2,5,105,47,7389,97,80,55,3,11,3729,259,252,275,179,89,36,31,117,218,259,253,300,338,338,261,84,130,48,73,97,50,26,16,3800,227,257,258,171,92,27,42,131,250,258,278,300,338,314,260,97,146,53,65,81,65,49,41,38.5,38.4,38.6,2859,2.63,628,921,0,2080,1820,4394,2.99,2952,0,0,2859,93,1778,509,572,11,70627556.306221,39875.6727251824
92,50,023,955100,50023955100,9551,Census Tract 9551,G5020,S,3623962,0,+44.2038138,-072.4995973,140,27509,50,023,955100,50023955100,4530,4334,55,7,22,0,14,98,120,4429,99,50,28,3,26,2185,150,125,131,80,50,26,21,108,122,159,127,162,205,172,171,59,52,31,44,60,55,38,37,2345,155,112,117,63,51,28,38,104,161,133,161,146,169,167,151,55,75,40,66,75,90,75,113,40.7,39.7,41.9,2183,2.04,245,417,76,1054,891,2065,2.8,2380,0,0,2183,197,673,285,1225,20,3623698.41696167,14372.1614006451
93,50,023,955400,50023955400,9554,Census Tract 9554,G5020,S,37316636,370480,+44.1658852,-072.4994900,140,27525,50,023,955400,50023955400,3870,3774,19,6,8,0,2,61,66,3830,35,46,20,1,3,1878,100,121,130,85,39,16,15,46,98,103,133,151,140,171,130,54,58,33,48,85,65,35,22,1992,109,116,140,77,25,21,15,47,105,126,143,139,151,160,129,65,76,32,62,89,69,50,46,42.6,42,43.2,1609,2.41,280,550,0,1104,860,2248,2.82,1727,0,0,1609,118,869,377,363,17,37684427.1733704,30984.5193821637
94,50,023,954400,50023954400,9544,Census Tract 9544,G5020,S,214498567,1272597,+44.2976678,-072.7665162,140,27487,50,023,954400,50023954400,2995,2902,12,7,28,0,11,35,41,2937,30,23,30,0,11,1502,63,79,113,68,42,10,13,38,61,77,117,128,132,142,134,55,67,17,36,49,28,16,17,1493,77,72,102,67,20,7,11,30,57,93,112,134,143,159,126,43,61,14,43,41,31,19,31,43.4,42.8,43.7,1243,2.41,279,431,0,856,630,1793,2.83,1436,0,0,1243,193,714,305,224,137,215756425.413528,66501.1538714608
95,50,007,002800,50007002800,28,Census Tract 28,G5020,S,91671145,414700,+44.4649053,-072.9594109,140,10533,50,007,002800,50007002800,5009,4877,32,9,29,0,15,47,72,4924,49,13,51,0,19,2503,133,176,241,152,40,22,17,53,71,103,175,208,233,258,192,63,104,63,63,65,38,20,13,2506,121,164,180,144,41,11,12,42,82,127,173,218,262,258,226,76,101,54,61,64,44,20,25,42.6,41.6,43.7,1881,2.66,566,698,0,1464,1283,3059,2.97,1948,0,0,1881,67,1331,346,204,25,92082349.9541397,41135.6281182573
96,50,007,003503,50007003503,35.03,Census Tract 35.03,G5020,S,111115462,267934,+44.2888153,-072.9500038,140,10571,50,007,003503,50007003503,1968,1902,11,3,16,0,0,36,15,1937,20,21,25,0,5,989,64,72,61,45,19,11,3,17,55,42,81,84,115,103,86,27,39,17,13,15,11,3,6,979,62,52,81,47,15,3,4,26,50,56,83,94,116,83,80,30,32,17,15,10,8,10,5,41.2,41.6,40.7,765,2.57,211,248,0,567,473,1173,2.9,835,0,0,765,70,501,174,90,39,111379050.953812,59376.2705300735
97,50,007,002601,50007002601,26.01,Census Tract 26.01,G5020,S,7730682,237111,+44.4921775,-073.1190575,140,10517,50,007,002601,50007002601,5188,4742,90,25,207,1,31,92,98,4830,126,47,242,4,35,2537,184,173,164,100,48,19,19,109,177,165,200,176,181,219,170,57,72,44,54,61,72,50,23,2651,153,148,151,84,44,27,23,116,190,161,197,204,206,226,195,54,55,34,67,104,92,71,49,39.4,38.2,40.8,2216,2.34,469,614,2,1372,1146,2856,2.92,2300,0,0,2216,84,1094,384,738,16,7967704.27590179,13681.5446688111
98,50,007,002602,50007002602,26.02,Census Tract 26.02,G5020,S,4443150,219997,+44.4868308,-073.0978707,140,10522,50,007,002602,50007002602,4088,3749,65,12,155,0,19,88,89,3833,95,26,199,1,29,1973,128,135,146,99,49,25,22,75,142,119,132,149,174,186,153,40,59,25,30,31,27,17,10,2115,101,135,149,120,41,20,21,97,138,118,147,182,218,189,169,40,53,30,30,37,42,19,19,38.1,37.2,39,1661,2.45,398,438,11,1066,978,2206,2.99,1711,0,0,1661,50,967,215,479,4,4663076.19408417,9811.91965325948
99,50,007,002500,50007002500,25,Census Tract 25,G5020,S,2188589,204017,+44.4939642,-073.1798212,140,10513,50,007,002500,50007002500,4026,3418,240,10,225,1,25,107,102,3523,279,37,266,3,31,2011,121,81,68,44,71,80,76,235,260,169,145,94,126,94,95,33,36,24,29,46,35,29,20,2015,103,70,59,46,73,47,45,174,313,156,115,89,120,120,91,41,50,28,43,56,60,62,54,30.6,29.3,32.2,1873,2.02,149,312,248,739,570,1509,2.81,1998,0,0,1873,125,424,149,1300,8,2392610.32849121,8686.72779560273
100,50,007,002400,50007002400,24,Census Tract 24,G5020,S,1514196,1977,+44.4981030,-073.1911298,140,10509,50,007,002400,50007002400,3241,2588,258,15,222,0,22,136,60,2719,329,66,239,4,30,1548,119,102,84,68,40,19,25,109,172,158,106,96,116,100,89,24,25,18,12,29,14,15,8,1693,111,85,99,45,45,23,22,115,195,169,111,117,99,113,79,32,36,22,30,36,41,28,40,32.2,31.2,33.1,1324,2.41,169,265,44,722,702,1512,3.07,1395,0,0,1324,71,437,134,753,7,1516174.32414246,5373.19702652846
101,50,007,002200,50007002200,22,Census Tract 22,G5020,S,50575230,1062615,+44.5455893,-073.1577417,140,10494,50,007,002200,50007002200,8314,7716,148,24,263,4,33,126,145,7829,214,51,303,10,44,4113,194,161,186,113,381,254,256,301,307,257,207,231,262,273,233,91,99,47,78,69,52,34,27,4201,183,146,175,126,413,281,273,281,328,215,209,234,271,261,237,86,102,53,68,85,50,67,57,28.4,28.5,28.2,2811,2.31,491,724,1833,1632,1260,3336,2.82,2991,0,0,2811,180,1345,520,946,20,51637586.134346,33576.8870644079
102,50,007,003501,50007003501,35.01,Census Tract 35.01,G5020,S,106858859,23579568,+44.3057703,-073.2356370,140,10562,50,007,003501,50007003501,3754,3658,18,5,32,3,8,30,71,3686,29,14,46,3,10,1832,84,131,156,122,43,7,6,36,60,59,89,124,153,219,183,56,100,40,48,47,38,22,9,1922,78,137,158,101,34,14,6,34,73,83,99,157,173,216,184,65,76,47,52,51,38,21,25,44.8,45,44.7,1419,2.65,423,512,0,1083,962,2280,2.99,1706,0,0,1419,287,840,349,230,238,130440224.497955,45643.680184546
103,50,007,001100,50007001100,11,Census Tract 11,G5020,S,1736311,0,+44.4509355,-073.2197727,140,10483,50,007,001100,50007001100,2421,2186,94,7,49,2,20,63,75,2237,118,23,70,4,38,1185,69,89,71,32,17,9,8,85,146,105,84,80,68,69,81,29,31,19,25,20,24,13,11,1236,87,76,51,24,23,5,9,82,107,108,91,93,77,99,80,41,34,17,27,43,20,27,15,35.2,32.8,37.4,1077,2.24,167,251,11,585,481,1134,2.76,1127,0,0,1077,50,491,177,409,24,1736324.03308105,5920.80953182792
104,50,007,001000,50007001000,10,Census Tract 10,G5020,S,1759600,30308,+44.4660208,-073.2168276,140,10480,50,007,001000,50007001000,2371,1985,187,26,65,1,11,96,76,2073,218,66,93,2,22,1193,60,36,38,17,29,25,41,118,160,104,83,65,58,76,84,28,39,17,17,31,34,26,7,1178,50,44,34,18,26,22,39,132,163,91,61,50,64,67,72,19,29,23,20,55,31,23,45,33,33,33.1,1321,1.72,67,156,95,365,291,688,2.68,1440,0,0,1321,119,173,82,1066,52,1789922.82852936,10702.6753618988
105,50,007,000900,50007000900,9,Census Tract 9,G5020,S,602462,0,+44.4714042,-073.2088308,140,10476,50,007,000900,50007000900,2839,2667,58,9,44,2,8,51,53,2716,69,28,61,6,12,1535,27,32,35,24,258,123,110,201,169,95,68,72,64,57,61,27,18,13,20,20,11,11,19,1304,22,25,27,27,122,92,58,177,162,76,49,40,58,67,60,27,27,20,19,20,23,29,77,25.7,24.2,27.8,1214,1.88,72,128,559,285,215,559,2.72,1252,0,0,1214,38,189,80,945,4,602466.857719421,3699.81550941374
106,50,007,000800,50007000800,8,Census Tract 8,G5020,S,1349588,0,+44.4609464,-073.2086195,140,10473,50,007,000800,50007000800,2454,2276,41,7,57,0,10,63,72,2336,66,34,77,3,13,1201,77,71,61,51,22,14,29,88,123,88,81,95,88,71,78,30,27,16,11,30,20,12,18,1253,83,67,58,42,14,16,22,109,125,89,90,78,101,79,85,26,29,13,21,34,21,31,20,34.2,33.4,35.1,1083,2.21,190,214,59,541,464,1065,2.83,1129,0,0,1083,46,437,173,473,10,1349593.74373627,5660.76527360099
107,50,007,000600,50007000600,6,Census Tract 6,G5020,S,2240595,147143,+44.4843679,-073.1933304,140,10470,50,007,000600,50007000600,5169,4721,135,11,146,1,30,125,134,4839,178,47,199,4,43,2520,82,66,50,29,357,170,285,401,269,161,113,90,85,68,78,23,26,30,34,46,20,18,19,2649,75,53,38,25,342,220,316,392,262,147,82,81,82,89,84,30,52,31,40,48,38,45,77,23.1,23.1,23.2,1954,2.19,163,235,884,553,407,1112,2.75,2045,0,0,1954,91,436,147,1371,19,2387742.26151276,9317.75678591031
108,50,007,000500,50007000500,5,Census Tract 5,G5020,S,542451,0,+44.4817547,-073.2083313,140,10466,50,007,000500,50007000500,4211,3894,89,15,96,3,38,76,125,3967,101,34,132,8,47,2133,49,32,21,11,66,188,377,518,262,131,88,62,76,79,66,15,24,10,10,13,15,12,8,2078,37,31,26,12,56,219,453,513,244,104,50,53,44,38,36,21,22,9,10,22,22,18,38,22.8,23.1,22.6,1770,2.24,52,90,250,254,192,489,2.68,1831,0,0,1770,61,162,55,1553,10,542453.602241516,3654.66665610264
109,50,007,000400,50007000400,4,Census Tract 4,G5020,S,461612,0,+44.4836200,-073.2148948,140,10462,50,007,000400,50007000400,3148,2546,225,16,215,2,31,113,106,2653,265,62,249,4,39,1601,71,53,59,31,50,39,49,204,281,172,107,98,85,91,73,27,33,20,18,14,11,12,3,1547,77,72,45,35,36,40,68,219,250,147,97,95,60,84,59,23,31,17,21,24,19,13,15,28.8,29.2,28.4,1513,2.02,78,119,87,406,426,844,3.13,1582,0,0,1513,69,174,43,1296,1,461615.109405518,3682.46932832785
110,50,007,000300,50007000300,3,Census Tract 3,G5020,S,5662073,411507,+44.4984489,-073.2130878,140,10459,50,007,000300,50007000300,3399,2624,337,12,273,3,16,134,84,2740,386,65,308,8,37,1696,118,118,90,50,48,30,37,159,235,164,127,124,104,103,70,19,30,13,12,20,11,8,6,1703,110,108,85,61,42,27,37,154,245,186,112,110,85,98,85,27,37,5,20,31,18,14,6,29.4,29.2,29.7,1419,2.4,158,174,0,643,730,1295,3.15,1494,0,0,1419,75,376,78,965,8,6073637.22918701,19405.1394064641
111,50,007,000200,50007000200,2,Census Tract 2,G5020,S,6073220,12461070,+44.4898610,-073.2470328,140,10454,50,007,000200,50007000200,5625,5206,147,8,142,4,22,96,100,5289,183,42,168,9,33,2587,144,131,154,103,63,21,24,87,181,160,148,157,206,211,200,80,98,47,67,94,87,67,57,3038,156,127,175,121,50,16,16,94,176,162,180,193,230,250,227,65,110,65,93,133,118,122,159,44.6,42.3,46.3,2282,2.33,427,711,313,1467,1071,3075,2.83,2427,0,0,2282,145,1069,515,698,89,18534573.6326981,24922.0642621636
112,50,007,000100,50007000100,1,Census Tract 1,G5020,S,3451390,375201,+44.5165836,-073.2516002,140,10451,50,007,000100,50007000100,4580,3948,215,12,248,2,26,129,88,4067,278,40,295,4,33,2210,162,148,139,100,67,33,19,87,152,151,150,154,162,177,141,54,70,39,56,42,40,36,31,2370,136,125,138,99,49,18,14,59,149,171,163,181,206,178,161,53,106,43,57,56,76,64,68,39.5,36.7,41.5,1871,2.44,342,557,6,1194,1031,2560,3.01,1917,0,0,1871,46,1004,379,488,7,3826652.70643616,14588.6237727996
113,50,007,002900,50007002900,29,Census Tract 29,G5020,S,343606277,1440677,+44.5072583,-072.9172044,140,10537,50,007,002900,50007002900,6227,6057,24,18,29,1,7,91,52,6147,50,57,58,1,8,3110,178,203,229,144,57,15,25,83,115,178,208,275,303,339,274,87,123,64,67,66,42,22,13,3117,151,213,211,155,53,18,24,86,141,187,228,290,301,347,240,88,101,58,54,74,37,36,24,41.9,42.3,41.5,2377,2.62,641,925,0,1808,1449,3855,2.93,2588,0,0,2377,211,1699,436,242,117,345031965.738197,110634.937163347
114,50,015,953500,50015953500,9535,Census Tract 9535,G5020,S,132483216,1364872,+44.5521906,-072.6380285,140,16089,50,015,953500,50015953500,5227,5045,36,15,32,0,19,80,75,5125,63,60,40,0,23,2510,136,170,183,111,53,29,18,84,135,154,160,185,206,207,152,73,94,52,61,89,69,48,41,2717,175,162,148,87,58,34,19,78,135,169,166,184,225,212,192,72,85,57,87,103,94,69,106,41.9,40.5,43.5,2197,2.33,386,614,103,1365,1137,2766,2.86,2488,0,0,2197,291,966,484,747,153,133838999.350914,60406.5095692506
115,50,015,953300,50015953300,9533,Census Tract 9533,G5020,S,97362069,3462012,+44.6248166,-072.5670512,140,16084,50,015,953300,50015953300,2954,2839,24,12,11,0,18,50,31,2885,32,52,17,1,22,1438,79,104,96,61,39,5,12,35,79,81,115,94,102,101,103,45,77,28,57,46,38,22,19,1516,117,101,74,52,25,20,10,46,86,79,110,86,107,129,123,47,64,26,44,64,37,32,37,41.4,40.9,41.8,1214,2.43,219,401,0,806,653,1650,2.86,1372,0,0,1214,158,667,307,240,85,100816973.415298,43952.7340808239
116,50,015,953200,50015953200,9532,Census Tract 9532,G5020,S,115786963,983492,+44.6481239,-072.6888397,140,16081,50,015,953200,50015953200,3446,3264,44,23,22,1,18,74,48,3337,64,60,35,2,29,1776,101,71,80,52,167,101,86,157,116,106,98,95,115,104,106,36,36,28,35,32,22,23,9,1670,96,82,80,53,188,106,58,112,106,92,82,93,103,104,81,31,39,30,33,32,25,20,24,28.1,28.2,27.9,1210,2.37,175,294,577,685,594,1354,2.84,1345,0,0,1210,135,492,257,461,64,116762762.128716,46601.2439126305
117,50,015,953600,50015953600,9536,Census Tract 9536,G5020,S,188029710,424423,+44.4919747,-072.7130056,140,16093,50,015,953600,50015953600,4314,4199,20,8,37,0,12,38,91,4236,26,19,49,6,17,2196,98,127,154,91,42,14,17,73,121,124,129,144,171,192,176,64,100,59,59,80,76,54,31,2118,106,100,129,86,36,10,12,64,101,123,118,141,183,193,181,77,79,49,73,75,72,51,59,44.9,43.4,46,1948,2.21,365,570,3,1118,883,2284,2.83,3526,0,0,1948,1578,832,458,658,1388,188442219.702446,62646.4513094365
118,50,015,953100,50015953100,9531,Census Tract 9531,G5020,S,163664496,1282365,+44.6265471,-072.8153714,140,16078,50,015,953100,50015953100,3659,3556,14,9,13,2,4,61,34,3615,26,43,22,7,11,1844,132,134,107,73,26,16,11,54,115,153,148,139,141,176,140,53,59,28,34,46,31,16,12,1815,148,119,96,76,37,11,16,67,115,164,128,124,150,169,130,25,60,28,31,47,25,31,18,37.9,38.5,37.4,1510,2.42,314,452,11,975,861,1969,2.9,1698,0,0,1510,188,818,234,458,76,164937721.736351,56471.5455340735
119,50,015,953000,50015953000,9530,Census Tract 9530,G5020,S,289397169,2837617,+44.7232348,-072.6110815,140,16075,50,015,953000,50015953000,2344,2280,5,16,3,0,5,35,21,2315,10,41,7,1,6,1202,64,63,100,70,30,14,14,28,68,62,98,87,112,99,91,31,37,29,31,31,22,14,7,1142,77,66,83,50,27,12,10,31,67,80,78,100,103,92,87,22,35,18,23,33,16,16,16,39.5,39.6,39.3,928,2.53,191,306,0,640,553,1302,2.9,1241,0,0,928,313,538,241,149,253,292214910.07225,83211.0201877749
120,50,015,953400,50015953400,9534,Census Tract 9534,G5020,S,201554544,2306717,+44.5296353,-072.4786043,140,16087,50,015,953400,50015953400,2531,2473,6,11,7,1,7,26,22,2498,14,27,12,2,7,1278,84,89,96,60,31,8,7,29,56,74,94,105,115,110,89,43,46,23,30,48,21,15,5,1253,82,79,83,74,18,6,9,29,51,89,96,92,118,125,92,32,36,29,28,37,18,18,12,40.7,40.5,41,1007,2.51,228,318,0,685,629,1391,2.95,1299,0,0,1007,292,605,229,173,226,203846797.458,60967.8369393895
121,50,013,020200,50013020200,202,Census Tract 202,G5020,S,81149786,132836104,+44.6762458,-073.2970983,140,14678,50,013,020200,50013020200,3698,3580,18,22,14,1,7,56,41,3631,27,62,21,2,14,1846,77,94,127,96,36,22,15,51,73,82,87,137,138,192,190,85,87,42,65,69,43,20,18,1852,85,94,105,74,38,17,5,50,77,89,106,129,201,167,216,55,92,34,55,67,38,36,22,46.4,45.9,46.7,1527,2.42,280,616,0,1094,740,2319,2.8,2258,0,0,1527,731,870,341,316,624,213992279.611557,66166.3704462309
122,50,013,020100,50013020100,201,Census Tract 201,G5020,S,130740843,159461683,+44.8972283,-073.2877823,140,14673,50,013,020100,50013020100,3272,3061,7,44,7,3,11,139,39,3200,15,164,14,8,14,1632,73,88,113,56,32,22,9,45,64,104,104,120,148,154,150,48,80,44,55,59,33,19,12,1640,84,94,96,61,27,14,13,37,93,91,111,111,141,154,135,58,72,42,41,57,45,36,27,44.5,44.4,44.5,1375,2.38,238,497,0,933,650,1950,2.79,2790,0,0,1375,1415,774,373,228,1215,290219336.465057,83762.5051473207
123,50,025,968600,50025968600,9686,Census Tract 9686,G5020,S,15645602,1004059,+42.8839692,-072.5738949,140,30746,50,025,968600,50025968600,2296,2092,33,3,93,0,17,58,66,2144,48,35,106,7,19,1074,50,49,67,50,16,12,8,36,83,85,58,63,60,92,106,31,38,22,32,33,28,26,29,1222,50,49,52,39,16,6,10,58,105,78,58,81,95,107,107,43,51,27,31,40,42,31,46,43.9,42,45.4,1019,2.07,132,272,186,544,354,1084,2.64,1095,0,0,1019,76,329,208,482,13,16648489.397625,19301.3428726038
124,50,025,968400,50025968400,9684,Census Tract 9684,G5020,S,58095562,170087,+42.8599950,-072.6328687,140,30735,50,025,968400,50025968400,3943,3721,40,13,49,3,17,100,78,3818,79,61,63,3,23,1837,106,119,133,77,42,17,21,53,69,81,84,123,155,144,166,64,87,43,61,76,44,44,28,2106,94,104,111,71,45,21,17,72,91,91,97,147,198,188,215,68,87,52,69,89,70,52,57,46.1,44.8,46.9,1804,2.18,246,509,6,1075,791,2147,2.73,1968,0,0,1804,164,752,454,598,66,58261668.3619938,30811.2427694638
125,50,025,967200,50025967200,9672,Census Tract 9672,G5020,S,342840614,2019534,+43.1269716,-072.6582785,140,30694,50,025,967200,50025967200,3302,3203,16,6,20,0,5,52,42,3252,37,31,27,0,11,1686,86,104,127,61,19,12,11,32,85,88,99,95,137,148,157,70,61,49,56,83,47,31,28,1616,80,73,92,54,32,7,7,35,76,83,84,81,147,132,166,60,90,43,51,70,52,47,54,47.5,46.1,48.6,1461,2.26,234,524,0,920,661,1903,2.79,2191,0,0,1461,730,717,438,306,641,344836989.448292,94256.6915048819
126,50,027,965501,50027965501,9655.01,Census Tract 9655.01,G5020,S,69434495,1572798,+43.6530324,-072.4103690,140,35066,50,027,965501,50027965501,2998,2883,29,7,25,0,8,46,26,2927,38,26,40,1,13,1479,91,100,101,52,30,10,17,42,73,71,79,101,113,107,138,48,54,31,56,69,43,30,23,1519,66,56,84,59,27,6,12,42,75,80,81,106,139,135,154,44,72,42,54,70,61,31,23,45.9,43.7,47.3,1271,2.36,240,484,0,868,597,1829,2.79,2346,0,0,1271,1075,673,324,274,953,71002326.8729172,39429.6259758919
127,50,021,962400,50021962400,9624,Census Tract 9624,G5020,S,112235385,643292,+43.7099607,-073.0484586,140,24379,50,021,962400,50021962400,2991,2904,11,19,16,0,2,39,23,2942,19,39,24,2,4,1488,78,76,97,64,30,15,10,53,83,76,90,94,132,149,140,51,49,36,52,47,27,24,15,1503,67,80,95,46,19,7,8,42,78,76,80,112,160,141,126,39,65,42,40,65,44,31,40,45.4,44,46.5,1277,2.32,217,455,28,833,587,1733,2.79,1426,0,0,1277,149,665,304,308,88,112875986.824741,53269.0826545559
128,50,021,962500,50021962500,9625,Census Tract 9625,G5020,S,19249450,429477,+43.6461080,-073.0360660,140,24382,50,021,962500,50021962500,1741,1710,2,0,1,2,1,25,12,1735,9,11,2,6,3,826,44,54,63,44,17,6,6,18,48,40,48,67,74,58,69,23,30,29,22,23,16,13,14,915,54,47,65,43,13,9,3,22,46,44,56,78,78,83,69,28,39,18,20,31,27,18,24,42.9,41.8,43.7,717,2.43,132,241,0,500,400,1022,2.84,780,0,0,717,63,384,169,164,13,19678426.8338203,32859.6294451348
129,50,021,962300,50021962300,9623,Census Tract 9623,G5020,S,312719117,11157543,+43.7196658,-073.2628207,140,24374,50,021,962300,50021962300,2586,2525,11,8,3,1,1,37,19,2562,22,34,4,1,1,1329,59,70,87,86,17,11,8,28,55,60,76,89,106,133,120,51,62,33,50,58,28,27,15,1257,50,66,79,37,14,8,16,30,50,63,77,83,94,116,135,48,69,43,48,46,31,28,26,47,45.9,48.3,1086,2.36,178,422,24,731,491,1528,2.76,1708,0,0,1086,622,594,321,171,552,323884537.504864,106141.024104803
130,50,021,963600,50021963600,9636,Census Tract 9636,G5020,S,100742852,8936009,+43.6356711,-073.1677384,140,24425,50,021,963600,50021963600,4717,4614,21,7,24,0,14,37,60,4649,33,23,32,3,15,2385,67,87,103,62,310,153,116,205,104,76,89,115,158,152,200,51,93,43,42,66,40,35,18,2332,79,82,91,68,297,145,129,117,76,83,87,110,139,168,195,67,94,43,68,78,44,44,28,32,28.9,34.9,1617,2.34,248,542,937,996,612,2129,2.75,2216,0,0,1617,599,831,340,446,497,109679047.024727,42676.453407017
131,50,021,963100,50021963100,9631,Census Tract 9631,G5020,S,1356601,0,+43.6131446,-072.9793887,140,24402,50,021,963100,50021963100,3408,3226,40,17,22,2,20,81,58,3302,68,54,33,11,33,1682,104,97,90,54,36,17,23,81,150,102,118,125,142,134,121,48,66,33,27,36,28,19,31,1726,81,76,74,54,45,29,17,93,133,104,99,110,114,136,105,40,54,32,35,50,80,59,106,40.5,38.7,42.8,1644,1.97,132,232,162,669,606,1303,2.85,1825,0,0,1644,181,365,115,1164,12,1356555.36585999,6142.37039615457
132,50,021,962100,50021962100,9621,Census Tract 9621,G5020,S,240790286,3341111,+43.7733530,-072.9061865,140,24366,50,021,962100,50021962100,1804,1767,3,3,16,0,6,9,27,1776,7,8,17,0,6,920,41,49,70,36,22,7,8,20,44,31,54,71,92,74,82,32,48,20,36,34,33,9,7,884,31,58,71,38,10,5,2,19,33,25,64,82,80,92,84,37,31,25,23,36,21,11,6,45.4,45.7,45.2,744,2.42,168,278,0,519,380,1101,2.85,1080,0,0,744,336,381,237,126,280,244121539.585976,67127.1869415641
133,50,021,963000,50021963000,9630,Census Tract 9630,G5020,S,4573538,24303,+43.6154167,-072.9627522,140,24396,50,021,963000,50021963000,4371,4234,23,5,49,0,10,50,47,4283,39,25,61,1,15,2067,96,110,123,101,44,21,11,72,105,116,119,148,157,188,190,58,105,44,52,59,70,39,39,2304,96,115,130,85,48,25,20,42,98,114,118,166,187,227,213,57,99,59,76,83,93,66,87,46,43.9,47.4,1970,2.22,333,625,5,1198,841,2526,2.81,2092,0,0,1970,122,1008,410,552,30,4597665.66214371,10467.0800121246
134,50,021,963700,50021963700,9637,Census Tract 9637,G5020,S,45179390,1821218,+43.6206053,-073.2603553,140,24428,50,021,963700,50021963700,2734,2659,9,5,12,1,14,34,36,2693,25,25,12,1,14,1320,67,72,111,59,44,21,16,55,59,76,63,75,117,102,94,39,60,35,35,41,40,26,13,1414,62,77,98,52,36,23,20,58,58,72,83,111,109,117,112,28,63,23,38,49,56,33,36,42.6,41.1,43.4,1135,2.41,157,351,0,738,577,1568,2.91,1282,0,0,1135,147,502,253,380,20,47001677.402317,39364.0911628906
135,50,025,968200,50025968200,9682,Census Tract 9682,G5020,S,207155660,1234100,+42.8332764,-072.7372747,140,30729,50,025,968200,50025968200,1806,1741,18,7,11,3,4,22,29,1763,22,17,19,3,5,890,26,38,44,26,52,28,42,38,26,40,34,45,50,81,96,33,49,20,32,34,30,16,10,916,26,44,42,33,52,36,27,30,32,48,38,58,63,95,89,21,44,19,32,32,27,18,10,44.9,46,44,708,2.25,112,258,216,444,269,932,2.7,1068,0,0,708,360,341,261,106,315,208376930.442304,61975.5606014345
136,50,025,967100,50025967100,9671,Census Tract 9671,G5020,S,98490744,1407538,+43.1712004,-072.5064977,140,30691,50,025,967100,50025967100,2031,1945,6,1,16,0,14,49,33,1993,25,31,19,0,15,980,49,57,62,49,18,8,8,24,47,40,59,68,65,75,106,34,50,24,27,46,33,17,14,1051,42,63,63,35,23,9,7,26,53,44,51,64,105,95,90,45,50,27,44,44,24,22,25,46.6,45.1,47.5,840,2.38,138,303,36,563,402,1174,2.8,1000,0,0,840,160,415,249,176,106,99891160.932972,45486.9026981448
137,50,025,967400,50025967400,9674,Census Tract 9674,G5020,S,126730662,1380595,+43.1030907,-072.8202602,140,30701,50,025,967400,50025967400,1035,986,6,6,4,0,3,30,17,1016,20,26,8,0,3,564,29,27,36,38,9,5,4,9,26,32,30,39,52,44,41,18,33,18,21,22,14,9,8,471,17,24,42,12,9,4,0,15,21,29,29,31,46,31,42,15,32,11,16,14,14,10,7,45,44.8,45.5,460,2.25,80,141,0,280,220,568,2.81,1055,0,0,460,595,211,166,83,556,128104016.890327,46026.5724566858
138,50,027,965502,50027965502,9655.02,Census Tract 9655.02,G5020,S,34916156,576124,+43.6869569,-072.3563378,140,35070,50,027,965502,50027965502,2811,2682,27,5,58,0,7,32,27,2714,33,24,61,0,12,1268,70,79,84,59,30,10,4,45,87,84,63,89,94,97,96,46,33,19,31,38,35,43,32,1543,60,69,74,53,21,3,13,55,93,95,95,126,115,130,99,51,66,42,28,59,49,65,82,43.8,41.1,45.6,1320,2.09,192,338,57,702,532,1423,2.78,1433,0,0,1320,113,585,264,471,51,35489867.9065895,28408.9607136789
139,50,027,966000,50027966000,9660,Census Tract 9660,G5020,S,50428658,719720,+43.4753584,-072.4210448,140,35090,50,027,966000,50027966000,3553,3395,30,15,22,1,11,79,61,3474,44,60,41,3,13,1705,100,95,79,58,40,28,23,60,130,125,119,112,112,141,128,41,63,33,60,34,52,33,39,1848,116,97,92,77,30,16,14,46,117,100,77,117,140,143,146,43,88,29,44,53,71,57,135,42.9,39.8,45.9,1492,2.25,231,416,196,898,697,1849,2.84,1712,0,0,1492,220,621,299,572,54,51144792.9015503,30340.4567307941
140,50,027,965100,50027965100,9651,Census Tract 9651,G5020,S,104526965,1487849,+43.8284577,-072.5583964,140,35052,50,027,965100,50027965100,2773,2646,25,11,32,2,11,46,41,2691,43,29,46,3,12,1389,62,70,71,53,17,12,6,102,218,89,70,82,84,119,119,32,34,30,23,25,25,26,20,1384,58,66,62,42,21,10,12,129,172,88,65,67,121,123,107,27,38,19,29,37,31,30,30,36,34.7,38.1,1288,2.15,165,355,0,666,471,1379,2.78,1471,0,0,1288,183,480,247,561,96,106007324.326431,41530.6775954383
141,50,027,966700,50027966700,9667,Census Tract 9667,G5020,S,57046553,492328,+43.3070262,-072.4490728,140,35117,50,027,966700,50027966700,4298,4082,50,12,27,1,29,97,66,4173,77,77,37,2,40,2236,87,114,131,65,49,26,28,109,157,137,151,166,193,197,165,58,96,46,69,73,45,36,38,2062,101,115,143,78,39,20,8,51,114,122,124,126,157,179,164,52,95,58,63,85,56,48,64,43.1,41.8,44.7,1725,2.27,267,544,380,1095,803,2203,2.75,1901,0,0,1725,176,770,447,508,65,57534804.0122337,36890.7872129702
142,50,027,965300,50027965300,9653,Census Tract 9653,G5020,S,1641306,33196,+43.8703870,-072.8035925,140,35059,50,027,965300,50027965300,299,295,0,0,2,0,0,2,7,297,0,2,2,0,0,139,7,12,8,7,2,1,1,3,7,6,6,11,6,10,15,1,9,6,2,2,7,6,4,160,7,7,12,5,3,0,1,5,8,6,6,7,8,13,22,5,7,4,4,5,11,7,7,48.5,44.6,51.2,148,1.95,15,31,11,72,65,137,2.81,184,0,0,148,36,45,30,73,10,1674406.42776489,6079.24389361041
143,50,027,965000,50027965000,9650,Census Tract 9650,G5020,S,115141873,577518,+43.7776276,-072.3239835,140,35049,50,027,965000,50027965000,3414,3212,26,3,86,1,16,70,41,3281,43,23,126,3,17,1622,66,111,164,68,33,11,8,44,80,58,85,95,129,156,149,54,85,36,52,56,34,37,11,1792,76,110,146,85,22,8,4,46,94,62,95,112,184,181,168,63,69,47,50,61,44,33,32,45.5,44.4,46.2,1386,2.46,358,465,0,945,823,1967,2.95,1553,0,0,1386,167,741,338,307,83,115711774.331203,49768.1353447263
144,50,027,966100,50027966100,9661,Census Tract 9661,G5020,S,113022380,1453569,+43.3921077,-072.4767825,140,35095,50,027,966100,50027966100,2825,2766,5,7,12,0,5,30,32,2795,9,33,13,0,6,1441,56,67,79,53,36,7,11,35,45,70,87,97,122,127,138,55,61,40,82,66,48,29,30,1384,52,65,60,52,21,8,5,30,63,65,81,81,115,127,130,52,84,42,57,66,57,34,37,49,48.2,49.7,1253,2.25,182,523,9,841,458,1766,2.64,1427,0,0,1253,174,668,436,149,102,114467808.22525,45790.4408117339
145,50,027,966300,50027966300,9663,Census Tract 9663,G5020,S,91111072,1352162,+43.3952863,-072.7038035,140,35102,50,027,966300,50027966300,1963,1895,4,8,16,1,0,39,15,1933,9,38,18,4,2,954,38,32,51,39,15,9,7,33,65,51,51,48,71,92,70,33,59,29,37,43,37,22,22,1009,38,50,46,35,14,5,10,29,54,36,45,55,74,95,82,32,48,33,48,57,37,42,44,49.5,47.6,50.7,930,2.06,108,284,51,507,312,1024,2.64,3285,0,0,930,2355,340,271,319,2195,92457263.9904137,42609.9178866028
146,50,027,965700,50027965700,9657,Census Tract 9657,G5020,S,116255397,810165,+43.5805485,-072.4388670,140,35078,50,027,965700,50027965700,3393,3317,7,1,14,2,9,43,45,3360,21,20,23,7,10,1720,85,95,111,87,40,13,18,47,73,79,103,118,145,180,142,62,79,40,48,65,39,31,20,1673,63,106,84,60,30,9,15,36,63,75,124,131,181,181,153,59,62,41,45,58,35,31,31,45.5,44.6,46.1,1417,2.39,299,528,0,975,678,2064,2.81,1584,0,0,1417,167,762,388,267,90,117057310.93692,47118.9528151543
147,50,021,963300,50021963300,9633,Census Tract 9633,G5020,S,7656506,129117,+43.5978333,-072.9756345,140,24411,50,021,963300,50021963300,5542,5341,43,18,39,1,20,80,87,5417,83,49,45,2,29,2570,118,168,157,98,63,37,26,102,162,148,141,185,226,199,179,71,94,53,62,71,66,66,78,2972,146,157,147,104,73,35,37,108,183,144,148,170,203,214,187,78,107,64,85,125,108,146,203,43.8,41.8,45.9,2434,2.13,249,530,349,1272,1046,2533,2.81,2682,0,0,2434,248,790,393,1251,28,7785346.78570557,14618.5696151481
148,50,021,962700,50021962700,9627,Census Tract 9627,G5020,S,49642506,436717,+43.6446502,-072.9530419,140,24388,50,021,962700,50021962700,4054,3968,16,5,32,1,6,26,37,3992,22,18,38,4,9,1919,90,108,111,75,32,18,17,45,69,71,95,107,144,174,178,83,87,54,85,86,86,54,50,2135,78,103,115,66,29,17,5,42,63,86,98,111,176,189,195,82,98,49,66,116,84,102,165,50.9,49.1,52,1754,2.27,286,670,71,1141,733,2443,2.78,1871,0,0,1754,117,856,492,406,47,50077485.9170227,62815.3504260512
149,50,021,964200,50021964200,9642,Census Tract 9642,G5020,S,220379125,688473,+43.3506378,-072.9911238,140,24440,50,021,964200,50021964200,1566,1543,0,2,3,0,2,16,10,1559,0,16,5,0,2,785,45,48,45,31,12,8,6,21,37,37,59,55,60,64,70,22,37,19,26,37,23,14,9,781,44,43,55,23,7,9,2,29,31,47,55,54,67,53,65,30,31,24,27,35,26,13,11,44.4,44.4,44.5,666,2.35,116,249,0,449,326,934,2.81,887,0,0,666,221,303,214,149,155,221060673.5289,67418.3568989942
150,50,021,964300,50021964300,9643,Census Tract 9643,G5020,S,110562793,538839,+43.3606692,-073.1863230,140,24443,50,021,964300,50021964300,1477,1431,7,2,3,0,4,30,24,1461,10,14,15,2,5,746,39,51,56,26,12,0,3,29,48,38,36,45,68,51,75,14,32,27,20,31,25,11,9,731,46,42,54,26,10,12,9,25,38,33,39,54,74,42,56,15,33,15,23,23,27,19,16,43.8,44,43.7,606,2.44,114,217,0,411,327,863,2.9,771,0,0,606,165,280,180,146,101,111102214.529144,42206.7659269636
151,50,021,962600,50021962600,9626,Census Tract 9626,G5020,S,46436047,139324,+43.6221222,-073.0627288,140,24385,50,021,962600,50021962600,2326,2260,19,8,12,0,3,24,19,2284,31,18,15,2,4,1156,73,67,73,42,26,13,10,43,70,75,63,88,84,101,80,44,43,27,24,42,30,23,15,1170,55,70,73,45,21,11,15,38,79,50,71,77,104,98,96,23,36,24,36,47,37,41,23,42.6,41.7,44,980,2.37,165,315,0,631,482,1348,2.9,1076,0,0,980,96,477,239,264,21,46574404.6674271,34588.6884633105
152,50,021,964000,50021964000,9640,Census Tract 9640,G5020,S,238518313,2359675,+43.4371018,-072.8700055,140,24436,50,021,964000,50021964000,3316,3259,10,2,9,0,1,35,23,3293,17,21,16,2,2,1648,67,77,104,57,38,16,14,43,61,71,86,125,147,166,149,52,85,49,59,78,44,37,23,1668,75,77,89,58,29,11,13,40,58,73,110,120,134,166,153,57,92,48,75,69,59,31,31,47.5,47.2,47.9,1423,2.31,234,552,29,961,588,2055,2.75,2131,0,0,1423,708,730,458,235,580,240866337.444656,74368.7649687664
153,50,017,959300,50017959300,9593,Census Tract 9593,G5020,S,204831119,1177968,+44.0013894,-072.6574861,140,18400,50,017,959300,50017959300,2538,2482,4,8,5,0,3,36,15,2517,11,25,14,1,6,1283,79,75,78,63,26,12,10,33,60,55,53,101,92,119,129,56,56,34,42,39,37,24,10,1255,52,63,69,47,23,13,7,30,65,62,91,88,101,129,127,40,71,28,23,55,38,16,17,45.4,44.8,46,1059,2.4,172,407,0,729,511,1507,2.77,1347,0,0,1059,288,550,354,155,216,205995333.085899,76865.6908344269
154,50,017,959400,50017959400,9594,Census Tract 9594,G5020,S,124422317,405393,+43.9374841,-072.6074027,140,18403,50,017,959400,50017959400,4778,4628,24,13,39,0,13,61,54,4689,43,41,51,1,16,2451,114,124,123,86,207,130,79,115,117,111,110,140,163,184,159,84,88,51,65,67,52,45,37,2327,96,126,149,81,103,44,37,84,110,98,134,128,175,183,177,79,81,47,80,80,75,62,98,40.2,36.2,44.1,1827,2.32,289,602,545,1159,870,2395,2.82,2076,0,0,1827,249,856,428,543,101,124819054.927551,45115.151527609
155,50,017,959000,50017959000,9590,Census Tract 9590,G5020,S,165805885,2051695,+44.1193206,-072.1174340,140,18388,50,017,959000,50017959000,2216,2142,4,7,16,1,10,36,21,2176,11,26,21,4,15,1086,53,69,68,41,24,7,8,28,56,50,48,63,94,112,94,36,44,28,32,42,45,24,20,1130,72,50,55,43,25,10,15,27,58,59,44,80,96,102,99,38,41,32,34,49,36,33,32,46.6,46.7,46.5,986,2.25,135,328,0,606,440,1237,2.77,1378,0,0,986,392,465,268,253,323,167849470.513763,61351.7016092129
156,50,017,959500,50017959500,9595,Census Tract 9595,G5020,S,427496761,1119604,+43.9272671,-072.4072053,140,18407,50,017,959500,50017959500,4350,4187,30,9,11,0,15,98,49,4284,63,67,26,7,16,2152,113,120,141,56,48,19,14,61,107,130,136,132,180,224,182,78,99,38,74,72,64,31,33,2198,109,115,127,95,43,12,19,50,107,109,144,154,189,211,183,80,104,45,67,83,51,60,41,45.2,45,45.5,1850,2.31,327,641,68,1200,848,2519,2.81,2480,0,0,1850,630,888,637,325,482,428586703.508308,90146.2549351354
157,50,019,951100,50019951100,9511,Census Tract 9511,G5020,S,273590108,13169683,+44.9057842,-071.9915569,140,20844,50,019,951100,50019951100,2401,2318,6,18,4,0,12,43,31,2361,10,51,7,1,17,1209,65,62,69,57,26,10,10,22,67,41,66,80,92,108,107,43,74,42,43,59,30,26,10,1192,61,68,68,53,12,9,4,34,48,63,61,82,96,92,119,52,67,45,43,49,24,23,19,47,46.7,47.3,1025,2.34,149,397,0,689,493,1394,2.74,1914,0,0,1025,889,510,352,163,812,286750762.892471,77823.5387457208
158,50,019,951600,50019951600,9516,Census Tract 9516,G5020,S,392128268,6038839,+44.9343652,-072.4058557,140,20859,50,019,951600,50019951600,4313,4222,8,14,10,0,12,47,29,4267,15,42,21,1,19,2151,100,117,150,85,33,28,22,77,124,136,129,136,174,162,193,51,115,52,74,78,53,41,21,2162,130,150,121,81,51,16,21,57,125,128,112,134,147,187,185,73,84,52,59,78,68,59,44,43.1,43,43.2,1801,2.39,298,665,16,1213,912,2482,2.8,2768,0,0,1801,967,901,512,388,825,398140106.624084,84933.0247656669
159,50,019,951700,50019951700,9517,Census Tract 9517,G5020,S,449964793,3512375,+44.7636005,-072.3751552,140,20865,50,019,951700,50019951700,4189,4029,23,12,17,2,32,74,61,4101,33,60,31,3,40,2154,108,142,150,89,54,26,18,85,96,127,121,146,185,158,166,53,79,48,72,95,52,47,37,2035,89,118,140,87,47,21,34,56,122,117,127,140,170,150,158,70,73,46,60,70,56,42,42,42.2,42.1,42.2,1699,2.42,326,601,85,1142,884,2372,2.85,2209,0,0,1699,510,847,549,303,394,453446308.361412,103425.013852197
160,50,019,951200,50019951200,9512,Census Tract 9512,G5020,S,76319990,4332019,+44.9411035,-072.1004210,140,20847,50,019,951200,50019951200,2850,2782,12,5,12,1,5,33,28,2811,21,19,24,1,9,1366,69,91,95,66,40,9,10,33,61,75,82,95,97,102,102,41,53,31,44,61,41,31,37,1484,77,88,111,51,17,10,11,35,75,89,84,94,95,122,106,47,55,38,49,59,66,35,70,43.7,42.9,45,1203,2.35,202,400,23,781,627,1598,2.85,1472,0,0,1203,269,575,374,254,189,80648192.3621826,46308.9584468223
161,50,019,951900,50019951900,9519,Census Tract 9519,G5020,S,230611111,11591056,+44.8151889,-072.0984881,140,20874,50,019,951900,50019951900,2424,2351,5,18,3,1,9,37,26,2386,17,47,4,1,16,1232,65,71,77,50,30,13,7,36,68,55,90,80,105,108,100,34,66,33,48,34,28,25,9,1192,74,52,61,58,29,10,12,28,65,58,70,78,109,108,110,36,41,40,47,51,18,19,18,44.1,43.5,45.1,995,2.43,178,378,8,695,493,1441,2.78,1584,0,0,995,589,531,329,135,507,242190620.389847,86036.7967358343
162,50,019,951300,50019951300,9513,Census Tract 9513,G5020,S,50891563,17638043,+44.9597254,-072.1774312,140,20851,50,019,951300,50019951300,1771,1727,7,5,2,0,1,29,6,1756,13,20,9,0,2,868,45,44,59,42,19,9,6,27,37,32,47,58,65,71,78,28,33,22,48,31,29,22,16,903,39,51,62,33,13,6,4,30,29,38,51,63,82,74,89,21,32,21,44,44,29,20,28,46.3,45.6,47.1,765,2.32,136,286,0,516,368,1057,2.76,938,0,0,765,173,358,228,179,129,68525823.8707428,48697.374869963
163,50,019,951500,50019951500,9515,Census Tract 9515,G5020,S,8121038,2837714,+44.9417038,-072.2194775,140,20856,50,019,951500,50019951500,2562,2462,19,21,14,0,10,36,39,2495,31,38,21,3,12,1186,81,68,84,42,38,18,10,46,80,71,79,67,67,104,69,25,45,23,34,40,30,35,30,1376,79,75,81,48,36,25,11,52,80,72,84,59,92,79,84,31,51,27,38,60,50,70,92,40.7,38.7,43.7,1136,2.14,139,239,127,601,534,1154,2.81,1429,0,0,1136,293,348,198,590,153,10958092.2624512,17780.6063330102
164,50,019,951800,50019951800,9518,Census Tract 9518,G5020,S,112027747,4207766,+44.7703056,-072.1496154,140,20870,50,019,951800,50019951800,2810,2703,23,7,16,0,0,61,24,2763,37,45,24,1,1,1382,89,86,84,56,32,21,10,31,72,62,70,104,106,116,100,32,58,31,55,68,38,25,36,1428,72,74,83,60,42,18,11,31,69,82,74,99,105,102,100,32,62,28,48,53,59,49,75,44.3,43.6,45,1192,2.3,182,362,67,733,589,1504,2.86,1531,0,0,1192,339,528,302,362,230,116229232.158501,47845.6850959063
165,50,017,959800,50017959800,9598,Census Tract 9598,G5020,S,76628150,668768,+44.0121804,-072.1583123,140,18418,50,017,959800,50017959800,2797,2700,10,10,19,1,16,41,26,2739,18,38,23,3,18,1333,85,82,87,77,33,16,12,38,73,81,76,84,113,113,96,34,61,14,40,48,36,18,16,1464,105,93,109,76,18,15,13,43,80,99,85,86,104,138,92,39,57,40,27,54,33,29,29,40.1,40.4,39.8,1104,2.46,194,327,79,725,669,1451,2.92,1281,0,0,1104,177,513,240,351,93,77292833.82061,45605.8668554645
166,50,019,952000,50019952000,9520,Census Tract 9520,G5020,S,194924845,7088284,+44.6272663,-072.2494245,140,20877,50,019,952000,50019952000,1884,1834,11,3,3,0,1,32,17,1865,30,15,5,0,2,909,34,74,55,33,13,7,4,20,44,39,70,48,62,61,77,34,62,27,39,45,21,20,20,975,46,59,62,30,16,1,7,22,30,53,61,46,51,64,104,41,57,26,42,44,29,29,55,47.8,46.7,50.4,785,2.31,136,273,73,496,387,1013,2.82,1524,0,0,785,739,381,264,140,692,202000582.739319,60235.3623231708
167,50,003,970500,50003970500,9705,Census Tract 9705,G5020,S,232815194,1636792,+43.2102458,-072.9209783,140,4350,50,003,970500,50003970500,1302,1252,8,3,12,0,1,26,10,1278,10,20,19,0,1,656,26,34,37,30,13,4,2,7,19,30,32,48,44,61,61,31,36,19,30,31,27,24,10,646,22,29,43,36,10,5,3,12,18,24,30,43,59,54,54,28,34,20,27,37,23,22,13,49.5,50.1,49.1,582,2.24,117,215,0,369,254,772,2.78,2610,0,0,582,2028,260,192,130,1947,234442048.034227,71524.00341915
168,50,003,970800,50003970800,9708,Census Tract 9708,G5020,S,111592706,238287,+42.9788100,-073.2135046,140,4362,50,003,970800,50003970800,3590,3478,13,3,22,1,15,58,41,3535,37,25,36,1,18,1776,83,105,113,88,36,10,14,59,70,64,98,142,144,164,157,57,88,39,54,80,38,46,27,1814,81,98,109,66,27,12,14,38,71,76,103,145,159,188,175,50,84,45,67,60,56,62,28,46.4,45.3,47.1,1508,2.38,297,592,0,1045,724,2202,2.8,1676,0,0,1508,168,850,432,226,84,111832206.866737,42187.8070994266
169,50,003,971300,50003971300,9713,Census Tract 9713,G5020,S,120322179,707925,+42.7857084,-073.2102577,140,4383,50,003,971300,50003971300,3527,3452,12,16,10,0,8,29,34,3481,26,28,12,0,9,1817,119,135,116,93,31,11,18,58,92,93,105,111,148,147,144,59,83,46,49,68,49,25,17,1710,91,93,84,71,36,22,14,47,93,83,117,115,159,161,128,64,65,47,58,66,50,31,15,43.3,41.6,44.5,1429,2.47,251,509,0,990,783,2075,2.89,1614,0,0,1429,185,742,423,264,101,121031604.845441,43917.6115996338
170,50,003,970400,50003970400,9704,Census Tract 9704,G5020,S,109114018,321107,+43.1652268,-073.0630570,140,4345,50,003,970400,50003970400,4391,4229,61,9,51,0,8,33,67,4262,66,19,65,0,13,2064,77,102,140,116,53,14,16,48,85,71,79,126,194,181,162,92,88,52,72,101,81,58,56,2327,81,87,144,118,33,23,10,46,80,71,84,147,225,228,197,78,92,72,96,105,101,96,113,49.2,47.9,50.2,2047,2.13,347,608,23,1198,837,2463,2.75,2864,0,0,2047,817,902,504,641,615,109433099.736547,41767.0866410803
171,50,003,970600,50003970600,9706,Census Tract 9706,G5020,S,607292310,2279969,+42.9064665,-073.0308372,140,4354,50,003,970600,50003970600,3084,3016,5,1,11,1,4,46,39,3061,14,30,20,4,5,1571,71,85,106,69,35,9,15,32,70,70,64,125,135,180,140,31,68,38,57,58,62,36,15,1513,75,76,80,54,36,12,12,34,68,72,77,91,143,150,141,43,58,40,41,83,60,40,27,47,46.3,47.5,1290,2.39,228,491,0,873,591,1906,2.86,1891,0,0,1290,601,734,370,186,486,609562570.377997,120542.343741411
172,50,003,970300,50003970300,9703,Census Tract 9703,G5020,S,224561426,268163,+43.2248197,-073.1989665,140,4343,50,003,970300,50003970300,1119,1073,5,3,12,0,6,20,21,1091,12,12,16,0,8,570,28,25,26,32,16,7,2,7,29,17,28,43,51,41,49,16,22,17,25,33,22,21,13,549,22,22,34,25,8,3,5,17,18,21,28,46,50,37,40,14,40,15,17,38,17,20,12,47.6,47.5,47.7,471,2.34,82,198,18,327,211,690,2.76,769,0,0,471,298,212,179,80,256,224831160.00927,63451.1873007112
173,50,003,970200,50003970200,9702,Census Tract 9702,G5020,S,123677497,334717,+43.2842180,-073.0359155,140,4340,50,003,970200,50003970200,2031,1994,9,2,5,0,2,19,21,2013,11,7,15,0,4,996,41,48,70,51,16,8,5,19,38,27,43,49,77,111,77,39,48,34,43,47,56,30,19,1035,37,44,47,56,14,6,3,21,28,30,44,69,86,119,94,40,56,25,46,56,47,37,30,50.9,50.3,51.4,898,2.26,141,335,0,587,386,1232,2.76,1450,0,0,898,552,462,256,180,468,123998345.73954,45688.3364583104
174,50,003,971200,50003971200,9712,Census Tract 9712,G5020,S,4342714,107266,+42.8854297,-073.1952797,140,4376,50,003,971200,50003971200,5073,4858,62,22,24,2,17,88,71,4944,99,65,37,2,20,2437,166,153,122,75,65,32,36,112,189,153,141,151,179,177,157,60,73,44,57,69,69,73,84,2636,152,139,131,90,55,35,37,126,206,158,129,149,195,173,182,54,98,43,85,95,107,84,113,40.7,38.9,41.9,2311,2.09,222,409,243,1122,987,2171,2.81,2508,0,0,2311,197,592,300,1419,30,4450009.84418106,13327.534627891
175,50,003,971100,50003971100,9711,Census Tract 9711,G5020,S,23159919,39234,+42.8522575,-073.1817454,140,4372,50,003,971100,50003971100,4727,4578,33,20,31,4,22,39,98,4617,44,28,37,4,36,2220,144,135,140,108,51,23,17,66,118,94,126,140,171,151,161,76,89,51,67,82,87,55,68,2507,117,128,139,118,52,16,23,68,109,106,120,171,177,172,190,64,96,51,87,107,114,120,162,45.5,43.5,47.7,1809,2.44,303,595,309,1228,988,2560,2.89,1923,0,0,1809,114,932,488,389,40,23199266.6955614,23793.0206206397
176,50,003,971000,50003971000,9710,Census Tract 9710,G5020,S,57101116,473470,+42.8819407,-073.2461791,140,4369,50,003,971000,50003971000,3700,3479,70,9,66,0,22,54,62,3532,87,19,85,3,30,1655,82,78,78,57,163,83,71,87,55,66,83,79,104,101,116,47,66,30,42,46,37,37,47,2045,74,75,89,46,244,156,112,91,69,74,80,93,98,105,139,48,70,40,33,59,61,60,129,35,35.6,34.6,1255,2.25,192,408,882,748,538,1584,2.84,1424,0,0,1255,169,523,313,419,54,57575690.6844473,33715.0584965283
177,50,003,970900,50003970900,9709,Census Tract 9709,G5020,S,24821810,33368,+42.9049760,-073.1643344,140,4366,50,003,970900,50003970900,2264,2198,22,1,9,7,6,21,43,2219,33,8,12,7,6,1067,86,86,73,59,32,11,14,40,49,48,73,85,80,100,52,33,45,15,22,31,15,10,8,1197,84,76,104,59,27,14,9,43,78,69,67,101,85,98,75,30,34,26,24,32,29,16,17,37.9,37.7,38.1,871,2.6,148,233,0,618,615,1244,3.01,908,0,0,871,37,365,225,281,9,24855282.1592903,20865.4850505968
178,50,003,970700,50003970700,9707,Census Tract 9707,G5020,S,109389767,491324,+43.0665871,-073.2263199,140,4359,50,003,970700,50003970700,2317,2251,8,5,16,1,2,34,18,2284,13,26,25,1,3,1125,72,81,51,40,14,7,5,27,47,66,60,67,88,100,111,34,53,23,40,60,33,28,18,1192,46,56,71,32,22,7,8,33,52,58,61,74,91,100,120,36,58,53,41,53,52,44,24,47.8,46.2,49.3,999,2.32,148,378,0,662,437,1389,2.76,1285,0,0,999,286,508,253,238,204,109882174.596834,41936.108159779
179,50,017,959101,50017959101,9591.01,Census Tract 9591.01,G5020,S,200840530,868964,+44.1174435,-072.3903411,140,18391,50,017,959101,50017959101,2111,2070,7,7,6,0,6,15,14,2085,7,14,7,6,8,1086,55,59,62,42,23,7,8,29,62,54,63,82,113,114,94,40,43,22,29,37,29,12,7,1025,49,56,53,38,17,7,8,34,54,60,52,74,120,109,94,31,40,19,25,29,31,16,9,45.2,44.8,45.4,862,2.45,143,355,0,616,400,1320,2.79,1059,0,0,862,197,510,256,96,168,201695478.577805,64162.7113449149
180,50,017,959102,50017959102,9591.02,Census Tract 9591.02,G5020,S,252116123,528152,+44.0842172,-072.2702376,140,18394,50,017,959102,50017959102,2540,2458,8,12,4,1,6,51,15,2508,19,48,8,4,7,1292,80,70,80,52,30,12,17,40,65,71,83,91,112,110,102,43,44,24,44,52,27,28,15,1248,66,61,81,64,29,11,3,39,73,70,79,82,109,107,100,45,40,26,39,44,34,25,21,43.1,43,43.3,1019,2.49,189,374,0,710,543,1498,2.87,1464,0,0,1019,445,546,340,133,364,252628429.132637,70222.0627255651
181,50,017,959200,50017959200,9592,Census Tract 9592,G5020,S,104254179,521660,+44.1092443,-072.5418158,140,18397,50,017,959200,50017959200,3389,3315,6,5,17,0,7,39,48,3352,13,25,24,2,15,1682,72,118,128,65,42,17,19,48,98,93,102,132,146,156,125,32,78,33,52,43,40,24,19,1707,97,89,116,59,34,16,11,46,98,103,101,142,148,130,138,37,69,42,47,56,43,30,55,42.4,41.5,43.2,1379,2.45,245,475,13,941,727,1977,2.87,1479,0,0,1379,100,756,343,280,36,104768409.237038,41824.8174251272
182,50,017,959600,50017959600,9596,Census Tract 9596,G5020,S,112369676,2716061,+43.8367154,-072.2494937,140,18412,50,017,959600,50017959600,2588,2502,15,10,19,0,1,41,27,2543,22,44,25,0,1,1243,46,83,81,64,25,10,14,33,54,48,70,78,113,125,137,53,57,33,27,36,31,16,9,1345,50,79,88,59,25,3,8,35,57,47,81,104,127,156,145,42,57,28,31,46,33,23,21,46.2,45.6,46.7,1097,2.36,229,388,0,734,543,1543,2.84,1288,0,0,1097,191,617,280,200,138,115078711.552467,45048.6639331654
183,50,017,959700,50017959700,9597,Census Tract 9597,G5020,S,110642505,3493847,+43.9365970,-072.1961933,140,18415,50,017,959700,50017959700,1629,1593,2,4,4,0,5,21,13,1613,4,15,13,0,6,813,38,51,46,33,24,10,7,17,59,38,48,57,53,70,81,33,38,16,25,27,21,14,7,816,41,40,45,27,15,5,5,31,43,38,52,45,72,79,81,27,38,25,27,17,23,25,15,45,43.2,46.5,704,2.3,112,243,10,445,317,914,2.77,993,0,0,704,289,352,150,202,226,114129896.430717,45298.7761360704
184,50,019,951400,50019951400,9514,Census Tract 9514,G5020,S,6976967,1833506,+44.9341623,-072.1979341,140,20853,50,019,951400,50019951400,2027,1882,48,20,12,5,7,53,44,1930,59,54,20,9,12,1154,33,37,46,39,25,16,37,95,116,113,81,86,100,86,67,31,32,22,15,18,22,17,20,873,57,49,56,33,11,9,11,26,47,44,39,52,62,74,69,28,32,22,17,33,37,38,27,39.8,36.7,45.2,719,2.24,91,218,419,432,338,864,2.78,793,0,0,719,74,301,165,253,20,8809968.28239441,21557.1245358353
